Country,Year, Life_expectancy,GDP_Per_Capita,Low_Income,High_Income
Albania,2000,72.6,1190.13,0,0
Algeria,2000,71.3,1794.7,0,0
Angola,2000,45.3,566.344,0,0
Antigua and Barbuda,2000,73.6,10368.64,0,1
Argentina,2000,74.1,9263.31,0,0
Armenia,2000,72,620.638,0,0
Australia,2000,79.5,20756.6,0,1
Austria,2000,78.1,24617.96,0,1
Azerbaijan,2000,66.6,647.837,0,0
Bahamas,2000,72.6,20894.31,0,1
Bahrain,2000,74.5,14211.51,0,1
Bangladesh,2000,65.3,412.334,0,0
Barbados,2000,73.3,11600.27,0,1
Belarus,2000,68,1042.82,0,0
Belgium,2000,77.6,23247.36,0,1
Belize,2000,68.3,3330.96,0,0
Benin,2000,55.4,340.482,1,0
Bhutan,2000,60.2,773.011,0,0
Bolivia (Plurinational State of),2000,62.6,1013.27,0,0
Bosnia and Herzegovina,2000,74.6,1468.88,0,0
Botswana,2000,47.8,3301.54,0,0
Brazil,2000,70.5,3789.32,0,0
Brunei Darussalam,2000,74.4,20511.22,0,1
Bulgaria,2000,71.1,1643.75,0,0
Burkina Faso,2000,50.1,226.844,1,0
Burundi,2000,50.8,135.463,1,0
Cabo Verde,2000,69.9,1332.05,0,0
Cambodia,2000,57.7,299.982,0,0
Cameroon,2000,51.4,596.652,0,0
Canada,2000,79.1,24128.68,0,1
Central African Republic,2000,46,243.232,1,0
Chad,2000,47.6,210.22,1,0
Chile,2000,77.3,5064.47,0,0
China,2000,71.7,950.95,0,0
Colombia,2000,71.4,2478.54,0,0
Comoros,2000,59.5,374.641,1,0
Congo,2000,52.9,1108.87,0,0
Costa Rica,2000,77.6,4185.26,0,0
Croatia,2000,74.7,4969.93,0,0
Cyprus,2000,78.1,14238.83,0,1
Czech Republic,2000,74.7,5981.08,0,0
Democratic Republic of the Congo,2000,51.3,363.867,1,0
Denmark,2000,76.9,30804.46,0,1
Djibouti,2000,57.4,871.161,0,0
Dominican Republic,2000,72,3049.99,0,0
Ecuador,2000,72.8,1461.84,0,0
El Salvador,2000,69,2203.71,0,0
Equatorial Guinea,2000,52.7,2398.49,0,0
Eritrea,2000,45.3,179.312,1,0
Estonia,2000,70.8,4158.76,0,0
Ethiopia,2000,51.2,129.678,1,0
Fiji,2000,67.7,2074.9,0,0
Finland,2000,77.5,24347.47,0,1
France,2000,78.8,23317.94,0,1
Gabon,2000,60.1,4477.32,0,0
Gambia,2000,55.9,468.359,1,0
Georgia,2000,71.8,685.891,0,0
Germany,2000,78,23774.43,0,1
Ghana,2000,57.2,399.838,0,0
Greece,2000,78.2,12165.59,0,1
Grenada,2000,70.4,5117.54,0,0
Guatemala,2000,67.7,1530.34,0,0
Guinea,2000,52.5,342.479,1,0
Guinea-Bissau,2000,52.1,291.57,1,0
Guyana,2000,65.4,1511.51,0,0
Haiti,2000,58.6,460.915,1,0
Honduras,2000,71,1139.2,0,0
Hungary,2000,71.7,4608.73,0,0
Iceland,2000,79.7,31982.17,0,1
India,2000,62.5,463.118,0,0
Indonesia,2000,66.3,870.154,0,0
Iran (Islamic Republic of),2000,70.3,5603.88,0,0
Ireland,2000,76.4,26350.31,0,1
Israel,2000,78.9,21062.4,0,1
Italy,2000,79.4,20124.62,0,1
Jamaica,2000,72.6,3510.58,0,0
Japan,2000,81.1,37302.14,0,1
Jordan,2000,71.7,1741.93,0,0
Kazakhstan,2000,63.9,1230.49,0,0
Kenya,2000,51.9,479.301,0,0
Kiribati,2000,64.1,827.348,0,0
Kuwait,2000,73.2,17012.78,0,1
Lao People's Democratic Republic,2000,58.1,291.735,0,0
Latvia,2000,70.1,3301.98,0,0
Lebanon,2000,72.7,5330.99,0,0
Lesotho,2000,49.3,428.64,0,0
Liberia,2000,51.9,191.866,1,0
Libya,2000,70.8,7388.14,0,0
Lithuania,2000,71.6,3382.53,0,0
Luxembourg,2000,77.8,49442.19,0,1
Madagascar,2000,57.9,246.283,1,0
Malawi,2000,43.1,250.462,1,0
Malaysia,2000,72.4,4286.83,0,0
Maldives,2000,69.6,2967.2,0,0
Mali,2000,49.8,259.557,1,0
Malta,2000,77.5,10675.72,0,1
Mauritania,2000,60,489.512,0,0
Mauritius,2000,71,3932.49,0,0
Mexico,2000,74.8,6775.5,0,0
Micronesia (Federated States of),2000,67,2179.15,0,0
Mongolia,2000,62.8,555.894,0,0
Montenegro,2000,73,1607.73,0,0
Morocco,2000,68.6,1365.1,0,0
Mozambique,2000,49,255.35,1,0
Myanmar,2000,62.1,221.579,0,0
Namibia,2000,57.4,2139.71,0,0
Nepal,2000,62.5,247.18,1,0
Netherlands,2000,78.1,25996.36,0,1
New Zealand,2000,78.6,13962.07,0,1
Nicaragua,2000,70.3,1002.22,0,0
Niger,2000,50,159.262,1,0
Nigeria,2000,47.1,515.404,0,0
Norway,2000,78.5,38067.18,0,1
Oman,2000,72.6,7872.03,0,0
Pakistan,2000,62.8,537.967,0,0
Panama,2000,75.7,3821.65,0,0
Papua New Guinea,2000,58.9,682.139,0,0
Paraguay,2000,70.9,1533.11,0,0
Peru,2000,71.4,2023.43,0,0
Philippines,2000,66.8,1055.12,0,0
Poland,2000,73.7,4476.25,0,0
Portugal,2000,76.6,11536.14,0,1
Qatar,2000,76.2,29914.27,0,1
Republic of Korea,2000,76,11946.77,0,1
Republic of Moldova,2000,67.1,360.721,0,0
Romania,2000,70.7,1669.99,0,0
Russian Federation,2000,65,1775.13,0,0
Rwanda,2000,48.3,229.269,1,0
Saint Lucia,2000,71.6,5026.79,0,0
Saint Vincent and the Grenadines,2000,70.9,3728.63,0,0
Samoa,2000,70.2,1471.71,0,0
Saudi Arabia,2000,72.6,9256.54,0,0
Senegal,2000,57.5,475.916,1,0
Serbia,2000,72.6,1238.89,0,0
Seychelles,2000,71.8,7578.83,0,0
Sierra Leone,2000,39,227.269,1,0
Singapore,2000,78.3,23793.28,0,1
Slovenia,2000,76,10286.02,0,1
Solomon Islands,2000,65.8,923.505,0,0
South Africa,2000,57.3,3042.43,0,0
Spain,2000,79.1,14830.78,0,1
Sri Lanka,2000,71.5,916.545,0,0
Sudan,2000,58.6,394.105,0,0
Suriname,2000,67.4,2712.6,0,0
Swaziland,2000,48.4,1625.22,0,0
Sweden,2000,79.6,29251.96,0,1
Switzerland,2000,79.7,37948.2,0,1
Tajikistan,2000,63.7,158.555,1,0
Thailand,2000,71.1,2028.08,0,0
The former Yugoslav republic of Macedonia,2000,72.6,1878.24,0,0
Timor-Leste,2000,58.7,498.411,0,0
Togo,2000,54.6,270.905,1,0
Tonga,2000,71.6,1922.35,0,0
Trinidad and Tobago,2000,69.1,6430.97,0,0
Tunisia,2000,72.9,2247.94,0,0
Turkey,2000,70.4,4149.29,0,0
Turkmenistan,2000,63.8,1081.65,0,0
Uganda,2000,46.6,281.975,1,0
Ukraine,2000,67.5,664.376,0,0
United Arab Emirates,2000,74.2,34688.98,0,1
United Kingdom of Great Britain and Northern Ireland,2000,77.8,26300.86,0,1
United Republic of Tanzania,2000,49.2,378.494,1,0
United States of America,2000,76.8,36432.51,0,1
Uruguay,2000,75.1,6917.14,0,0
Uzbekistan,2000,67.1,550.72,0,0
Vanuatu,2000,69,1424.57,0,0
Venezuela (Bolivarian Republic of),2000,72.5,4890.86,0,0
Viet Nam,2000,73.4,401.567,0,0
Yemen,2000,60.8,539.641,0,0
Zambia,2000,43.8,356.463,0,0
Zimbabwe,2000,46,845.902,0,0
Albania,2001,73.6,1325.17,0,0
Algeria,2001,71.4,1768.58,0,0
Angola,2001,45.7,538.193,0,0
Antigua and Barbuda,2001,73.8,10063.8,0,1
Argentina,2001,74,8672.46,0,0
Armenia,2001,72.6,692.287,0,0
Australia,2001,79.9,19408.55,0,1
Austria,2001,78.6,24576.15,0,1
Azerbaijan,2001,67.5,693.455,0,0
Bahamas,2001,72.9,21200.7,0,1
Bahrain,2001,74.7,13891.34,0,1
Bangladesh,2001,65.8,406.41,0,0
Barbados,2001,73.4,11547.3,0,1
Belarus,2001,67.7,1240.82,0,0
Belgium,2001,78,23150.27,0,1
Belize,2001,68.2,3388.37,0,0
Benin,2001,55.5,348.663,0,0
Bhutan,2001,61.7,783.355,0,0
Bolivia (Plurinational State of),2001,63.3,988.7,0,0
Bosnia and Herzegovina,2001,74.9,1522.83,0,0
Botswana,2001,46.7,3091.39,0,0
Brazil,2001,71,3185.16,0,0
Brunei Darussalam,2001,74.7,18681.02,0,1
Bulgaria,2001,71.6,1813.44,0,0
Burkina Faso,2001,50.6,237.419,0,0
Burundi,2001,51.3,129.895,0,0
Cabo Verde,2001,70.3,1365.33,0,0
Cambodia,2001,58.5,320.046,0,0
Cameroon,2001,51.5,603.292,0,0
Canada,2001,79.4,23659.21,0,1
Central African Republic,2001,45.6,242.266,0,0
Chad,2001,48,252.59,0,0
Chile,2001,77.3,4577.86,0,0
China,2001,72.2,1043.86,0,0
Colombia,2001,71.5,2406.05,0,0
Comoros,2001,59.5,399.109,0,0
Congo,2001,52.7,935.167,0,0
Costa Rica,2001,77.5,4149.24,0,0
Croatia,2001,74.9,5404.1,0,0
Cyprus,2001,78.2,14638.32,0,1
Czech Republic,2001,75.1,6584.78,0,0
Democratic Republic of the Congo,2001,51.8,151.345,0,0
Denmark,2001,77,30812.05,0,1
Djibouti,2001,57.7,880.352,0,0
Dominican Republic,2001,71.2,3123.27,0,0
Ecuador,2001,73.4,1909.42,0,0
El Salvador,2001,68.9,2305.96,0,0
Equatorial Guinea,2001,53.1,3247.55,0,0
Eritrea,2001,58.1,183.433,0,0
Estonia,2001,70.8,4579.15,0,0
Ethiopia,2001,52.5,125.722,0,0
Fiji,2001,67.8,2037.66,0,0
Finland,2001,78,24967.82,0,1
France,2001,79,23342.09,0,1
Gabon,2001,59.8,4062.35,0,0
Gambia,2001,56.3,451.6,0,0
Georgia,2001,73,728.265,0,0
Germany,2001,78.3,23681.67,0,1
Ghana,2001,57.4,393.731,0,0
Greece,2001,78.7,12448.42,0,1
Grenada,2001,70.7,5109.96,0,0
Guatemala,2001,68.4,1625.49,0,0
Guinea,2001,52.5,318.08,0,0
Guinea-Bissau,2001,52.5,301.609,0,0
Guyana,2001,65.4,1515,0,0
Haiti,2001,58.9,412.425,0,0
Honduras,2001,71.3,1188.66,0,0
Hungary,2001,72.3,5248.37,0,0
Iceland,2001,80,28672.17,0,1
India,2001,62.9,471.311,0,0
Indonesia,2001,66.5,834.139,0,0
Iran (Islamic Republic of),2001,70.8,6513.81,0,0
Ireland,2001,77,28356.9,0,1
Israel,2001,79.3,20314.88,0,1
Italy,2001,79.8,20431.35,0,1
Jamaica,2001,72.7,3529.72,0,0
Japan,2001,81.5,32720.34,0,1
Jordan,2001,71.9,1802.97,0,0
Kazakhstan,2001,64.4,1491.65,0,0
Kenya,2001,51.9,479.423,0,0
Kiribati,2001,64.3,758.211,0,0
Kuwait,2001,73.2,15108.11,0,1
Lao People's Democratic Republic,2001,58.7,286.142,0,0
Latvia,2001,69.9,3535.17,0,0
Lebanon,2001,73,5240.26,0,0
Lesotho,2001,47.8,391.803,0,0
Liberia,2001,51.5,194.278,0,0
Libya,2001,71,6485.16,0,0
Lithuania,2001,71.2,3612.86,0,0
Luxembourg,2001,78,47941.22,0,1
Madagascar,2001,58.7,278.987,0,0
Malawi,2001,43.5,240.396,0,0
Malaysia,2001,72.7,4130.38,0,0
Maldives,2001,70.8,3064.01,0,0
Mali,2001,50.5,285.935,0,0
Malta,2001,77.8,10391.67,0,1
Mauritania,2001,60.1,476.237,0,0
Mauritius,2001,71.5,3853.15,0,0
Mexico,2001,75,7095.99,0,0
Micronesia (Federated States of),2001,67.2,2248.05,0,0
Mongolia,2001,63.2,612.187,0,0
Montenegro,2001,73.3,1886.71,0,0
Morocco,2001,69,1368.56,0,0
Mozambique,2001,49.5,243.134,0,0
Myanmar,2001,62.5,159.728,0,0
Namibia,2001,56.5,1939.79,0,0
Nepal,2001,63.2,249.03,0,0
Netherlands,2001,78.3,26607.26,0,1
New Zealand,2001,78.5,13554.61,0,1
Nicaragua,2001,70.3,1031.16,0,0
Niger,2001,50.6,164.117,0,0
Nigeria,2001,47.4,487.848,0,0
Norway,2001,78.8,38504.48,0,1
Oman,2001,72.9,7700.64,0,0
Pakistan,2001,63,519.58,0,0
Panama,2001,75.5,3806.09,0,0
Papua New Guinea,2001,59.1,583.684,0,0
Paraguay,2001,71.2,1404.44,0,0
Peru,2001,72.4,2016.36,0,0
Philippines,2001,66.8,970.377,0,0
Poland,2001,74.2,4978.05,0,0
Portugal,2001,76.9,11739.25,0,1
Qatar,2001,76.3,28666.61,0,1
Republic of Korea,2001,76.7,11258.82,0,1
Republic of Moldova,2001,67.6,407.379,0,0
Romania,2001,70.8,1817.04,0,0
Russian Federation,2001,65.1,2111.45,0,0
Rwanda,2001,48.6,209.08,0,0
Saint Lucia,2001,71.8,4705.33,0,0
Saint Vincent and the Grenadines,2001,70.9,4047.33,0,0
Samoa,2001,70.5,1533.2,0,0
Saudi Arabia,2001,72.8,8778.39,0,0
Senegal,2001,57.9,482.437,0,0
Serbia,2001,73.1,1640.95,0,0
Seychelles,2001,72,7663.08,0,0
Sierra Leone,2001,40.1,252.385,0,0
Singapore,2001,78.7,21577.49,0,1
Slovenia,2001,76.2,10501.86,0,1
Solomon Islands,2001,66.2,897.609,0,0
South Africa,2001,56,2671.99,0,0
Spain,2001,79.4,15385.35,0,1
Sri Lanka,2001,72.7,868.075,0,0
Sudan,2001,58.9,413.236,0,0
Suriname,2001,67.7,2301.93,0,0
Swaziland,2001,47.1,1435.77,0,0
Sweden,2001,79.8,26933.82,0,1
Switzerland,2001,80.2,38736.13,0,1
Tajikistan,2001,64,165.767,0,0
Thailand,2001,71.2,1912.28,0,0
The former Yugoslav republic of Macedonia,2001,73.1,1839.62,0,0
Timor-Leste,2001,59.4,545.954,0,0
Togo,2001,54.6,270.716,0,0
Tonga,2001,71.8,1824.14,0,0
Trinidad and Tobago,2001,69.1,6935.88,0,0
Tunisia,2001,73.2,2286.48,0,0
Turkey,2001,70.8,3008.58,0,0
Turkmenistan,2001,64,1468.95,0,0
Uganda,2001,47.7,275.761,0,0
Ukraine,2001,67.7,814.851,0,0
United Arab Emirates,2001,74.5,32621.29,0,1
United Kingdom of Great Britain and Northern Ireland,2001,78,25871.2,0,1
United Republic of Tanzania,2001,49.6,378.881,0,0
United States of America,2001,76.9,37241.35,0,1
Uruguay,2001,75.2,6319.55,0,0
Uzbekistan,2001,67.4,461.374,0,0
Vanuatu,2001,69.1,1320.6,0,0
Venezuela (Bolivarian Republic of),2001,72.5,5018.41,0,0
Viet Nam,2001,73.6,413.342,0,0
Yemen,2001,61.1,532.421,0,0
Zambia,2001,44.6,395.14,0,0
Zimbabwe,2001,45.3,835.556,0,0
Albania,2002,73.3,1449.14,0,0
Algeria,2002,71.6,1806.86,0,0
Angola,2002,46.5,730.755,0,0
Antigua and Barbuda,2002,74,10326.85,0,1
Argentina,2002,74.1,3110.56,0,0
Armenia,2002,72.6,779.122,0,0
Australia,2002,79.9,21608.64,0,1
Austria,2002,78.7,26504.85,0,1
Azerbaijan,2002,67.8,748.31,0,0
Bahamas,2002,73.1,22310.51,0,1
Bahrain,2002,74.9,13498.64,0,1
Bangladesh,2002,66.3,419.69,0,0
Barbados,2002,73.5,11704.64,0,1
Belarus,2002,67.2,1474.23,0,0
Belgium,2002,78,25151.44,0,1
Belize,2002,68.5,3516.41,0,0
Benin,2002,55.6,379.942,0,0
Bhutan,2002,62.5,842.026,0,0
Bolivia (Plurinational State of),2002,63.9,926.332,0,0
Bosnia and Herzegovina,2002,75.4,1753.11,0,0
Botswana,2002,46,3017.7,0,0
Brazil,2002,71.4,2864.2,0,0
Brunei Darussalam,2002,74.8,19072.92,0,1
Bulgaria,2002,71.8,2089.17,0,0
Burkina Faso,2002,51,261.686,0,0
Burundi,2002,51.5,117.914,0,0
Cabo Verde,2002,70.7,1479.59,0,0
Cambodia,2002,59.3,337.501,0,0
Cameroon,2002,51.6,662.985,0,0
Canada,2002,79.5,24036.95,0,1
Central African Republic,2002,45.6,255.649,0,0
Chad,2002,48.1,287.299,0,0
Chile,2002,77.8,4474.2,0,0
China,2002,72.7,1138.1,0,0
Colombia,2002,71.8,2369.91,0,0
Comoros,2002,59.5,446.955,0,0
Congo,2002,52.6,982.232,0,0
Costa Rica,2002,78.3,4187.64,0,0
Croatia,2002,74.8,6248.5,0,0
Cyprus,2002,78.4,15898.88,0,1
Czech Republic,2002,75.3,8007.32,0,0
Democratic Republic of the Congo,2002,52.1,156.764,0,0
Denmark,2002,77,33277.95,0,1
Djibouti,2002,57.9,884.072,0,0
Dominican Republic,2002,71.4,3273.64,0,0
Ecuador,2002,73.6,2180.39,0,0
El Salvador,2002,70.3,2380.48,0,0
Equatorial Guinea,2002,53.5,3893.3,0,0
Eritrea,2002,58.5,170.34,0,0
Estonia,2002,71.2,5395.73,0,0
Ethiopia,2002,53.2,116.789,0,0
Fiji,2002,67.9,2257.76,0,0
Finland,2002,78.1,26958.55,0,1
France,2002,79.2,25226.21,0,1
Gabon,2002,59.7,4193.46,0,0
Gambia,2002,56.6,387.815,0,0
Georgia,2002,71.7,776.693,0,0
Germany,2002,78.4,25279.62,0,1
Ghana,2002,57.6,489.639,0,0
Greece,2002,79,13972.22,0,1
Grenada,2002,70.9,5292.28,0,0
Guatemala,2002,69.3,1761.78,0,0
Guinea,2002,52.9,326.142,0,0
Guinea-Bissau,2002,52.8,313.557,0,0
Guyana,2002,65.3,1544.09,0,0
Haiti,2002,59.3,391.912,0,0
Honduras,2002,71.6,1196.94,0,0
Hungary,2002,72.5,6620.77,0,0
Iceland,2002,80.4,31969.88,0,1
India,2002,63.3,492.234,0,0
Indonesia,2002,66.7,1002.91,0,0
Iran (Islamic Republic of),2002,71.2,1959.07,0,0
Ireland,2002,77.4,32676.98,0,1
Israel,2002,79.3,18440.7,0,1
Italy,2002,80,22312.4,0,1
Jamaica,2002,73,3700.06,0,0
Japan,2002,81.8,31241.78,0,1
Jordan,2002,72.1,1879.65,0,0
Kazakhstan,2002,64.7,1657.15,0,0
Kenya,2002,52.1,473.996,0,0
Kiribati,2002,64.6,841.47,0,0
Kuwait,2002,73.3,15759.07,0,1
Lao People's Democratic Republic,2002,59.3,298.565,0,0
Latvia,2002,70.3,4106.75,0,0
Lebanon,2002,73.2,5430.42,0,0
Lesotho,2002,46.4,356.394,0,0
Liberia,2002,50.6,199.165,0,0
Libya,2002,71.1,3833.57,0,0
Lithuania,2002,71.4,4224.21,0,0
Luxembourg,2002,78.3,52676.7,0,1
Madagascar,2002,59.3,262.742,0,0
Malawi,2002,44,272.824,0,0
Malaysia,2002,72.9,4379.64,0,0
Maldives,2002,71.8,3246.72,0,0
Mali,2002,51.2,294.067,0,0
Malta,2002,78.2,11338.42,0,1
Mauritania,2002,60.2,472.953,0,0
Mauritius,2002,71.5,4102.74,0,0
Mexico,2002,75,7170.22,0,0
Micronesia (Federated States of),2002,66.2,2268.91,0,0
Mongolia,2002,63.8,664.493,0,0
Montenegro,2002,73.4,2089.11,0,0
Morocco,2002,69.5,1447.27,0,0
Mozambique,2002,49.8,257.603,0,0
Myanmar,2002,62.8,165.876,0,0
Namibia,2002,55.7,1811.25,0,0
Nepal,2002,63.1,247.933,0,0
Netherlands,2002,78.4,28919.2,0,1
New Zealand,2002,78.7,15553.71,0,1
Nicaragua,2002,70.5,996.002,0,0
Niger,2002,51.4,180.912,0,0
Nigeria,2002,47.7,649.668,0,0
Norway,2002,78.9,42975.5,0,1
Oman,2002,73.3,7833.6,0,0
Pakistan,2002,63.2,503.914,0,0
Panama,2002,75.7,3878.33,0,0
Papua New Guinea,2002,59.3,566.064,0,0
Paraguay,2002,71.5,1136.19,0,0
Peru,2002,72.6,2094.82,0,0
Philippines,2002,66.8,1014.94,0,0
Poland,2002,74.5,5195.28,0,0
Portugal,2002,77.2,12927.93,0,1
Qatar,2002,76.4,30748.54,0,1
Republic of Korea,2002,77.1,12788.52,0,1
Republic of Moldova,2002,67.5,458.104,0,0
Romania,2002,70.7,2118.41,0,0
Russian Federation,2002,64.8,2380.18,0,0
Rwanda,2002,50.7,199.564,0,0
Saint Lucia,2002,72,4703.31,0,0
Saint Vincent and the Grenadines,2002,70.9,4327.55,0,0
Samoa,2002,70.6,1683.45,0,0
Saudi Arabia,2002,72.9,8822.51,0,0
Senegal,2002,58.4,515.156,0,0
Serbia,2002,72.9,2156.89,0,0
Seychelles,2002,72.1,8431.92,0,0
Sierra Leone,2002,40.8,278.202,0,0
Singapore,2002,79,22016.99,0,1
Slovenia,2002,76.6,11837.08,0,1
Solomon Islands,2002,66.5,744.089,0,0
South Africa,2002,54.9,2541.35,0,0
Spain,2002,79.5,17083.1,0,1
Sri Lanka,2002,73.7,900.332,0,0
Sudan,2002,59.4,452.679,0,0
Suriname,2002,67.9,2872.14,0,0
Swaziland,2002,46.4,1315.02,0,0
Sweden,2002,79.9,29520.93,0,1
Switzerland,2002,80.4,41529.4,0,1
Tajikistan,2002,64.3,186.259,0,0
Thailand,2002,71.4,2115.38,0,0
The former Yugoslav republic of Macedonia,2002,72.8,1974.06,0,0
Timor-Leste,2002,60.2,527.405,0,0
Togo,2002,54.7,293.186,0,0
Tonga,2002,71.9,1923.83,0,0
Trinidad and Tobago,2002,69.2,7050.27,0,0
Tunisia,2002,73.5,2373.78,0,0
Turkey,2002,71.2,3521.82,0,0
Turkmenistan,2002,63.3,1814.77,0,0
Uganda,2002,48.8,287.379,0,0
Ukraine,2002,67.6,919.141,0,0
United Arab Emirates,2002,74.7,32790.71,0,1
United Kingdom of Great Britain and Northern Ireland,2002,78.2,28228.04,0,1
United Republic of Tanzania,2002,50.2,383.7,0,0
United States of America,2002,77,38113.89,0,1
Uruguay,2002,75.4,4120.39,0,0
Uzbekistan,2002,67.1,378.367,0,0
Vanuatu,2002,69.3,1314.46,0,0
Venezuela (Bolivarian Republic of),2002,73.1,3820.14,0,0
Viet Nam,2002,73.8,440.209,0,0
Yemen,2002,61.5,560.031,0,0
Zambia,2002,45.5,394.715,0,0
Zimbabwe,2002,44.8,798.48,0,0
Albania,2003,72.8,1888.97,0,0
Algeria,2003,71.7,2128.39,0,0
Angola,2003,46.8,805.503,0,0
Antigua and Barbuda,2003,74.2,10693.95,0,1
Argentina,2003,74.1,4035.07,0,0
Armenia,2003,72.7,923.387,0,0
Australia,2003,80.3,27112.53,0,1
Austria,2003,78.8,32248.22,0,1
Azerbaijan,2003,67.8,863.808,0,0
Bahamas,2003,73.2,21970.8,0,1
Bahrain,2003,75,14482.93,0,1
Bangladesh,2003,66.8,454.097,0,0
Barbados,2003,73.7,12057.69,0,1
Belarus,2003,67.7,1813.19,0,0
Belgium,2003,78.3,30821.41,0,1
Belize,2003,68.4,3618.47,0,0
Benin,2003,55.8,465.05,0,0
Bhutan,2003,63.3,932.177,0,0
Bolivia (Plurinational State of),2003,64.5,885.226,0,0
Bosnia and Herzegovina,2003,75.2,2197.05,0,0
Botswana,2003,46.4,4119.09,0,0
Brazil,2003,71.8,3094.47,0,0
Brunei Darussalam,2003,76,21014.42,0,1
Bulgaria,2003,72,2709.8,0,0
Burkina Faso,2003,51.6,332.76,0,0
Burundi,2003,51.9,108.979,0,0
Cabo Verde,2003,71.1,1908.98,0,0
Cambodia,2003,60.3,360.659,0,0
Cameroon,2003,51.8,807.331,0,0
Canada,2003,79.7,28095.68,0,1
Central African Republic,2003,45.7,289.835,0,0
Chad,2003,48.4,360.742,0,0
Chile,2003,77.9,4804.84,0,0
China,2003,73.1,1276.76,0,0
Colombia,2003,72.4,2261.58,0,0
Comoros,2003,59.6,564.642,0,0
Congo,2003,53.2,1107.12,0,0
Costa Rica,2003,78,4286.8,0,0
Croatia,2003,74.7,8066.35,0,0
Cyprus,2003,78.5,19988.94,0,1
Czech Republic,2003,75.2,9744.45,0,0
Democratic Republic of the Congo,2003,52.8,156.295,0,0
Denmark,2003,77.3,40519.86,0,1
Djibouti,2003,58,905.262,0,0
Dominican Republic,2003,70.3,2574.86,0,0
Ecuador,2003,74.4,2434.98,0,0
El Salvador,2003,69.9,2495.31,0,0
Equatorial Guinea,2003,53.8,5192.77,0,0
Eritrea,2003,58.8,194.576,0,0
Estonia,2003,71.9,7264.9,0,0
Ethiopia,2003,54,120.873,0,0
Fiji,2003,68,2834.21,0,0
Finland,2003,78.4,32921.38,0,1
France,2003,79.3,30808.71,0,1
Gabon,2003,59.7,5005.61,0,0
Gambia,2003,57,357.707,0,0
Georgia,2003,72.7,924.35,0,0
Germany,2003,78.5,30418.96,0,1
Ghana,2003,57.9,563.211,0,0
Greece,2003,79.1,18359.37,0,1
Grenada,2003,71.1,5773.41,0,0
Guatemala,2003,69.4,1812.72,0,0
Guinea,2003,53.3,374.427,0,0
Guinea-Bissau,2003,53,350.825,0,0
Guyana,2003,65.3,1588.45,0,0
Haiti,2003,59.7,329.061,0,0
Honduras,2003,71.9,1228.13,0,0
Hungary,2003,72.5,8355.2,0,0
Iceland,2003,80.7,39161.32,0,1
India,2003,63.7,572.299,0,0
Indonesia,2003,66.9,1186.85,0,0
Iran (Islamic Republic of),2003,70.5,2256.72,0,0
Ireland,2003,78,41348.46,0,1
Israel,2003,79.7,18954.44,0,1
Italy,2003,79.9,27539.32,0,1
Jamaica,2003,73.1,3562.46,0,0
Japan,2003,81.9,33730.9,0,1
Jordan,2003,72.3,1949.46,0,0
Kazakhstan,2003,64.4,2062.29,0,0
Kenya,2003,52.4,524.742,0,0
Kiribati,2003,64.7,1055.78,0,0
Kuwait,2003,73.4,18786.75,0,1
Lao People's Democratic Republic,2003,59.8,361.865,0,0
Latvia,2003,70.8,5110.48,0,0
Lebanon,2003,73.5,5351.76,0,0
Lesotho,2003,45.5,528.278,0,0
Liberia,2003,50,158.525,0,0
Libya,2003,71.3,4831.42,0,0
Lithuania,2003,71.6,5571.55,0,0
Luxembourg,2003,78.6,65274.96,0,1
Madagascar,2003,59.9,317.421,0,0
Malawi,2003,44.6,245.144,0,0
Malaysia,2003,73.1,4673.91,0,0
Maldives,2003,72.7,3660.22,0,0
Mali,2003,52,376.996,0,0
Malta,2003,78.5,13649.16,0,1
Mauritania,2003,60.3,542.357,0,0
Mauritius,2003,71.5,5021,0,0
Mexico,2003,75,6811.04,0,0
Micronesia (Federated States of),2003,67.5,2307.61,0,0
Mongolia,2003,64,748.712,0,0
Montenegro,2003,73.5,2776.05,0,0
Morocco,2003,69.9,1763.66,0,0
Mozambique,2003,50.1,279.204,0,0
Myanmar,2003,63.2,254.541,0,0
Namibia,2003,55,2607.86,0,0
Nepal,2003,64.3,258.012,0,0
Netherlands,2003,78.7,35313.25,0,1
New Zealand,2003,79.1,20322.3,0,1
Nicaragua,2003,70.6,1001.67,0,0
Niger,2003,52.1,223.506,0,0
Nigeria,2003,48.1,738.921,0,0
Norway,2003,79.4,49775.55,0,1
Oman,2003,73.6,8273.04,0,0
Pakistan,2003,63.5,565.918,0,0
Panama,2003,75.5,4008.39,0,0
Papua New Guinea,2003,59.6,673.851,0,0
Paraguay,2003,71.7,1160.49,0,0
Peru,2003,72.1,2236.93,0,0
Philippines,2003,67.2,1024.77,0,0
Poland,2003,74.7,5691.34,0,0
Portugal,2003,77.3,15802.94,0,1
Qatar,2003,76.5,35644.41,0,1
Republic of Korea,2003,77.6,14220.45,0,1
Republic of Moldova,2003,67.6,547.371,0,0
Romania,2003,71.1,2768.13,0,0
Russian Federation,2003,64.6,2981.91,0,0
Rwanda,2003,52,213.872,0,0
Saint Lucia,2003,72.2,5079.78,0,0
Saint Vincent and the Grenadines,2003,71,4494.1,0,0
Samoa,2003,70.9,2047.46,0,0
Saudi Arabia,2003,73,9800.53,0,0
Senegal,2003,59,643.867,0,0
Serbia,2003,73,2836.54,0,0
Seychelles,2003,72.1,8524.94,0,0
Sierra Leone,2003,41.5,292.814,0,0
Singapore,2003,79.3,23574.03,0,1
Slovenia,2003,76.5,14905.98,0,1
Solomon Islands,2003,66.8,704.085,0,0
South Africa,2003,54,3799.38,0,0
Spain,2003,79.4,21532.45,0,1
Sri Lanka,2003,73.9,982.326,0,0
Sudan,2003,59.6,525.156,0,0
Suriname,2003,68,3335.53,0,0
Swaziland,2003,45.9,2013.3,0,0
Sweden,2003,80.2,36889.59,0,1
Switzerland,2003,80.5,48178.13,0,1
Tajikistan,2003,65.2,234.147,0,0
Thailand,2003,71.7,2377.55,0,0
The former Yugoslav republic of Macedonia,2003,73.2,2440.81,0,0
Timor-Leste,2003,61,540.674,0,0
Togo,2003,54.7,324.424,0,0
Tonga,2003,72,2134.56,0,0
Trinidad and Tobago,2003,69.3,8805.78,0,0
Tunisia,2003,73.7,2790.1,0,0
Turkey,2003,71.6,4538.11,0,0
Turkmenistan,2003,63.4,2347.28,0,0
Uganda,2003,50.1,287.597,0,0
Ukraine,2003,67.6,1096.29,0,0
United Arab Emirates,2003,74.9,35017.31,0,1
United Kingdom of Great Britain and Northern Ireland,2003,78.3,32645.11,0,1
United Republic of Tanzania,2003,50.8,399.475,0,0
United States of America,2003,77.2,39591.87,0,1
Uruguay,2003,75.4,3652.77,0,0
Uzbekistan,2003,67.2,392.554,0,0
Vanuatu,2003,69.4,1538.1,0,0
Venezuela (Bolivarian Republic of),2003,72.4,3279.95,0,0
Viet Nam,2003,74,489.034,0,0
Yemen,2003,61.9,597.771,0,0
Zambia,2003,46.4,449.919,0,0
Zimbabwe,2003,44.5,703.534,0,0
Albania,2004,73,2418.18,0,0
Algeria,2004,72.3,2636.31,0,0
Angola,2004,47.1,1082.53,0,0
Antigua and Barbuda,2004,74.4,11315.24,0,1
Argentina,2004,74.7,4758.37,0,0
Armenia,2004,73,1180.4,0,0
Australia,2004,80.6,32715.31,0,1
Austria,2004,79.3,36875.71,0,1
Azerbaijan,2004,68.4,1019.24,0,0
Bahamas,2004,73.8,22124.06,0,1
Bahrain,2004,75.2,15960.53,0,1
Bangladesh,2004,67.3,485.663,0,0
Barbados,2004,73.8,12887.32,0,1
Belarus,2004,68.2,2370.34,0,0
Belgium,2004,78.8,35680.28,0,1
Belize,2004,68.7,3743.26,0,0
Benin,2004,56.1,511.965,0,0
Bhutan,2004,64.2,1056.4,0,0
Bolivia (Plurinational State of),2004,65.1,947.175,0,0
Bosnia and Herzegovina,2004,75.5,2611.8,0,0
Botswana,2004,48.1,4842.17,0,0
Brazil,2004,72,3660.88,0,0
Brunei Darussalam,2004,76.4,24804.64,0,1
Bulgaria,2004,72.2,3344.01,0,0
Burkina Faso,2004,52.4,371.583,0,0
Burundi,2004,52.6,124.626,0,0
Cabo Verde,2004,71.4,2159.23,0,0
Cambodia,2004,61.5,405.629,0,0
Cameroon,2004,52.1,909.429,0,0
Canada,2004,80,31925.05,0,1
Central African Republic,2004,45.7,322.802,0,0
Chad,2004,48.5,567.507,0,0
Chile,2004,78,6203.69,0,0
China,2004,73.5,1493.79,0,0
Colombia,2004,72.8,2763.7,0,0
Comoros,2004,59.8,611.852,0,0
Congo,2004,54.1,1429.79,0,0
Costa Rica,2004,77.7,4478.84,0,0
Croatia,2004,75.4,9654.14,0,0
Cyprus,2004,78.6,23426.63,0,1
Czech Republic,2004,75.8,11669.13,0,0
Democratic Republic of the Congo,2004,53.5,175.255,0,0
Denmark,2004,77.7,46546.23,0,1
Djibouti,2004,58.1,934.845,0,0
Dominican Republic,2004,69.3,2637.9,0,0
Ecuador,2004,74.4,2700.12,0,0
El Salvador,2004,70,2611.29,0,0
Equatorial Guinea,2004,54.1,8943.68,0,0
Eritrea,2004,59.1,237.713,0,0
Estonia,2004,72.3,8934.76,0,0
Ethiopia,2004,55,138.553,0,0
Fiji,2004,68.1,3330.41,0,0
Finland,2004,78.7,37748.13,0,1
France,2004,80.2,35153.79,0,1
Gabon,2004,59.7,5829.8,0,0
Gambia,2004,57.3,396.295,0,0
Georgia,2004,72.3,1201.95,0,0
Germany,2004,79.1,34218.69,0,1
Ghana,2004,58.3,714.67,0,0
Greece,2004,79.2,21741.21,0,1
Grenada,2004,70.3,5836.23,0,0
Guatemala,2004,69.6,1933.15,0,0
Guinea,2004,54,390.885,0,0
Guinea-Bissau,2004,53.5,382.377,0,0
Guyana,2004,65.1,1665.37,0,0
Haiti,2004,58.7,387.486,0,0
Honduras,2004,72.2,1297.19,0,0
Hungary,2004,72.9,10196.38,0,0
Iceland,2004,80.8,47182.84,0,1
India,2004,64,657.522,0,0
Indonesia,2004,65.3,1280.7,0,0
Iran (Islamic Republic of),2004,71.8,2655.42,0,0
Ireland,2004,78.3,47951.52,0,1
Israel,2004,80.1,19896.6,0,1
Italy,2004,80.9,31333.85,0,1
Jamaica,2004,73.3,3816.38,0,0
Japan,2004,82.1,36448.75,0,1
Jordan,2004,72.5,2132.97,0,0
Kazakhstan,2004,64.7,2862.5,0,0
Kenya,2004,53,549.163,0,0
Kiribati,2004,64.8,1126.49,0,0
Kuwait,2004,73.5,21585.56,0,1
Lao People's Democratic Republic,2004,60.4,416.57,0,0
Latvia,2004,71,6349.09,0,0
Lebanon,2004,73.7,5438.37,0,0
Lesotho,2004,44.8,671.724,0,0
Liberia,2004,54,180.642,0,0
Libya,2004,71.5,5988.39,0,0
Lithuania,2004,71.6,6787.28,0,0
Luxembourg,2004,78.7,75590.25,0,1
Madagascar,2004,60.4,245.67,0,0
Malawi,2004,45.1,259.727,0,0
Malaysia,2004,73.2,5171.42,0,0
Maldives,2004,73.4,4153.1,0,0
Mali,2004,52.8,431.075,0,0
Malta,2004,78.7,15126.47,0,1
Mauritania,2004,60.4,617.684,0,0
Mauritius,2004,71.9,5232.41,0,0
Mexico,2004,75.4,7269.7,0,0
Micronesia (Federated States of),2004,67.7,2261.76,0,0
Mongolia,2004,64,919.836,0,0
Montenegro,2004,73.5,3373.86,0,0
Morocco,2004,70.2,1998.19,0,0
Mozambique,2004,50.4,330.198,0,0
Myanmar,2004,63.5,255.443,0,0
Namibia,2004,54.7,3440.97,0,0
Nepal,2004,64.7,291.869,0,0
Netherlands,2004,79.2,40008.33,0,1
New Zealand,2004,79.2,24708.21,0,1
Nicaragua,2004,71,1076.64,0,0
Niger,2004,52.9,237.287,0,0
Nigeria,2004,48.5,953.098,0,0
Norway,2004,79.8,57444.59,0,1
Oman,2004,74,9312.26,0,0
Pakistan,2004,63.7,654.641,0,0
Panama,2004,75.8,4311.48,0,0
Papua New Guinea,2004,59.9,739.641,0,0
Paraguay,2004,71.9,1382.75,0,0
Peru,2004,72.2,2488.82,0,0
Philippines,2004,67.3,1093.48,0,0
Poland,2004,74.9,6643.23,0,0
Portugal,2004,78,18070.02,0,1
Qatar,2004,76.6,44051.66,0,1
Republic of Korea,2004,78.2,15922.18,0,1
Republic of Moldova,2004,68,720.168,0,0
Romania,2004,71.7,3541.52,0,0
Russian Federation,2004,64.9,4111.1,0,0
Rwanda,2004,53.4,240.088,0,0
Saint Lucia,2004,72.6,5555.76,0,0
Saint Vincent and the Grenadines,2004,71.2,4847.17,0,0
Samoa,2004,71.4,2400.49,0,0
Saudi Arabia,2004,73.1,11467.1,0,0
Senegal,2004,59.7,733.243,0,0
Serbia,2004,73,3315.33,0,0
Seychelles,2004,72.1,10176.66,0,0
Sierra Leone,2004,42.3,291.951,0,0
Singapore,2004,79.7,27404.2,0,1
Slovenia,2004,77.2,17282.62,0,1
Solomon Islands,2004,67.1,793.967,0,0
South Africa,2004,53.7,4899.22,0,0
Spain,2004,80.1,24988.98,0,1
Sri Lanka,2004,69.1,1063.04,0,0
Sudan,2004,59.7,622.413,0,0
Suriname,2004,68.3,3789.59,0,0
Swaziland,2004,45.6,2591.9,0,0
Sweden,2004,80.3,42362.22,0,1
Switzerland,2004,81,53383.47,0,1
Tajikistan,2004,65.9,305.766,0,0
Thailand,2004,71.6,2676.3,0,0
The former Yugoslav republic of Macedonia,2004,73.5,2796.62,0,0
Timor-Leste,2004,62.3,1161.9,0,0
Togo,2004,54.9,366.91,0,0
Tonga,2004,72.2,2407.04,0,0
Trinidad and Tobago,2004,69.4,10291.78,0,0
Tunisia,2004,74,3139.62,0,0
Turkey,2004,72,5802.35,0,0
Turkmenistan,2004,63.5,2870.88,0,0
Uganda,2004,51.3,341.608,0,0
Ukraine,2004,67.4,1427.28,0,0
United Arab Emirates,2004,75.1,39304.51,0,1
United Kingdom of Great Britain and Northern Ireland,2004,78.8,38406.37,0,1
United Republic of Tanzania,2004,51.5,425.476,0,0
United States of America,2004,77.5,41838.46,0,1
Uruguay,2004,75.4,4151.89,0,0
Uzbekistan,2004,67.8,461.222,0,0
Vanuatu,2004,69.6,1745.05,0,0
Venezuela (Bolivarian Republic of),2004,73.3,4317.13,0,0
Viet Nam,2004,74.2,603.668,0,0
Yemen,2004,62.2,682.148,0,0
Zambia,2004,47.9,556.699,0,0
Zimbabwe,2004,44.3,693.491,0,0
Albania,2005,73.5,2715.64,0,0
Algeria,2005,72.9,3141.03,0,0
Angola,2005,47.4,1510.81,0,0
Antigua and Barbuda,2005,74.6,12428.74,0,1
Argentina,2005,74.9,5724.14,0,0
Armenia,2005,73,1628.06,0,0
Australia,2005,81,36139.9,0,1
Austria,2005,79.4,38430.94,0,1
Azerbaijan,2005,68.4,1537.9,0,0
Bahamas,2005,74.1,23714.44,0,1
Bahrain,2005,75.3,17962.34,0,1
Bangladesh,2005,67.8,495.486,0,0
Barbados,2005,73.9,14255.49,0,1
Belarus,2005,68.1,3115.41,0,0
Belgium,2005,78.9,37107.35,0,1
Belize,2005,69,3818.45,0,0
Benin,2005,56.5,533.536,0,0
Bhutan,2005,65,1171.11,0,0
Bolivia (Plurinational State of),2005,65.7,1017.55,0,0
Bosnia and Herzegovina,2005,75,2789.94,0,0
Botswana,2005,51.7,5346.04,0,0
Brazil,2005,72.7,4818.26,0,0
Brunei Darussalam,2005,76.2,29514.54,0,1
Bulgaria,2005,72.1,3805.95,0,0
Burkina Faso,2005,53.3,407.819,0,0
Burundi,2005,53.4,149.149,0,0
Cabo Verde,2005,71.8,2278.17,0,0
Cambodia,2005,62.9,470.683,0,0
Cameroon,2005,52.8,931.339,0,0
Canada,2005,80.1,36153.81,0,1
Central African Republic,2005,45.9,337.641,0,0
Chad,2005,48.6,736.904,0,0
Chile,2005,78.4,7612.49,0,0
China,2005,73.9,1735,0,0
Colombia,2005,73.1,3416.9,0,0
Comoros,2005,60,646.024,0,0
Congo,2005,55.3,1820.2,0,0
Costa Rica,2005,78.6,4736.36,0,0
Croatia,2005,75.2,10523.97,0,0
Cyprus,2005,78.7,24929.3,0,1
Czech Republic,2005,75.9,13333.86,0,0
Democratic Republic of the Congo,2005,54.3,196.635,0,0
Denmark,2005,78.1,48893.25,0,1
Djibouti,2005,58.6,967.29,0,0
Dominican Republic,2005,69.7,4025.42,0,0
Ecuador,2005,74.2,3025.01,0,0
El Salvador,2005,70.1,2816.11,0,0
Equatorial Guinea,2005,54.4,13612.85,0,0
Eritrea,2005,59.4,226.29,0,0
Estonia,2005,72.8,10407.45,0,0
Ethiopia,2005,56,165.218,0,0
Fiji,2005,68.3,3655.74,0,0
Finland,2005,78.9,39106.58,0,1
France,2005,80.1,36209.52,0,1
Gabon,2005,60.5,6936.1,0,0
Gambia,2005,57.7,415.098,0,0
Georgia,2005,73.9,1522.42,0,0
Germany,2005,79.2,34769.26,0,1
Ghana,2005,58.9,833.397,0,0
Greece,2005,79.3,22404,0,1
Grenada,2005,71.5,6754.38,0,0
Guatemala,2005,69.2,2140.94,0,0
Guinea,2005,54.7,306.701,0,0
Guinea-Bissau,2005,53.9,413.51,0,0
Guyana,2005,65,1727.77,0,0
Haiti,2005,60.5,465.437,0,0
Honduras,2005,72.5,1401.98,0,0
Hungary,2005,72.9,11080.42,0,0
Iceland,2005,81,57052.81,0,1
India,2005,64.4,748.85,0,0
Indonesia,2005,67.2,1403.88,0,0
Iran (Islamic Republic of),2005,72,3146.49,0,0
Ireland,2005,78.7,51140.07,0,1
Israel,2005,80,20620.75,0,1
Italy,2005,80.8,32081.08,0,1
Jamaica,2005,73.5,4186.2,0,0
Japan,2005,82,35784.85,0,1
Jordan,2005,72.4,2300.14,0,0
Kazakhstan,2005,64.6,3753.44,0,0
Kenya,2005,54.1,621.283,0,0
Kiribati,2005,64.9,1211.85,0,0
Kuwait,2005,73.6,27014.77,0,1
Lao People's Democratic Republic,2005,61,469.187,0,0
Latvia,2005,70.6,7537.7,0,0
Lebanon,2005,73.9,5339.09,0,0
Lesotho,2005,44.5,746.565,0,0
Liberia,2005,55.3,205.604,0,0
Libya,2005,71.9,8467.72,0,0
Lithuania,2005,70.8,7880.32,0,0
Luxembourg,2005,78.8,80308.43,0,1
Madagascar,2005,60.9,275.516,0,0
Malawi,2005,46,267.785,0,0
Malaysia,2005,73.4,5599.05,0,0
Maldives,2005,74.3,3812.16,0,0
Mali,2005,53.6,460.239,0,0
Malta,2005,79,15898.36,0,1
Mauritania,2005,60.6,716.665,0,0
Mauritius,2005,72.1,5089.2,0,0
Mexico,2005,75.3,8084.93,0,0
Micronesia (Federated States of),2005,67.9,2365.97,0,0
Mongolia,2005,64.5,1149.84,0,0
Montenegro,2005,73.6,3673.42,0,0
Morocco,2005,70.7,2066.25,0,0
Mozambique,2005,50.8,361.492,0,0
Myanmar,2005,63.9,287.993,0,0
Namibia,2005,55.1,3708.79,0,0
Nepal,2005,65.4,323.42,0,0
Netherlands,2005,79.4,41647.99,0,1
New Zealand,2005,79.9,27292.08,0,1
Nicaragua,2005,71.2,1159.79,0,0
Niger,2005,53.7,263.809,0,0
Nigeria,2005,49.2,1209.33,0,0
Norway,2005,80.1,66643.39,0,1
Oman,2005,74.3,11525.26,0,0
Pakistan,2005,62.9,721.826,0,0
Panama,2005,75.8,4614.94,0,0
Papua New Guinea,2005,60.4,841.704,0,0
Paraguay,2005,72.1,1481.61,0,0
Peru,2005,72.8,2754.34,0,0
Philippines,2005,67,1208.93,0,0
Poland,2005,75,7974.84,0,0
Portugal,2005,77.7,18817.16,0,1
Qatar,2005,76.6,54228.83,0,1
Republic of Korea,2005,78.7,18657.52,0,1
Republic of Moldova,2005,67.3,830,0,0
Romania,2005,71.9,4691.91,0,0
Russian Federation,2005,65,5333.12,0,0
Rwanda,2005,55.3,292.526,0,0
Saint Lucia,2005,73.1,5873.03,0,0
Saint Vincent and the Grenadines,2005,71.4,5091.59,0,0
Samoa,2005,71.6,2722.17,0,0
Saudi Arabia,2005,73.1,14068.22,0,0
Senegal,2005,60.5,773.868,0,0
Serbia,2005,73,3504.3,0,0
Seychelles,2005,72.2,11093.31,0,0
Sierra Leone,2005,43.3,322.093,0,0
Singapore,2005,80.2,29870.33,0,1
Slovenia,2005,77.5,18222.58,0,1
Solomon Islands,2005,67.4,915.158,0,0
South Africa,2005,53.8,5441.86,0,0
Spain,2005,80.1,26550.34,0,1
Sri Lanka,2005,74.2,1244.6,0,0
Sudan,2005,60.7,751.375,0,0
Suriname,2005,68.9,4483.53,0,0
Swaziland,2005,46,2876.97,0,0
Sweden,2005,80.5,42998.84,0,1
Switzerland,2005,81.1,54971.13,0,1
Tajikistan,2005,65.5,333.908,0,0
Thailand,2005,72.5,2905.8,0,0
The former Yugoslav republic of Macedonia,2005,73.6,3071.9,0,0
Timor-Leste,2005,63.7,1908.23,0,0
Togo,2005,55,391.537,0,0
Tonga,2005,72.3,2712.88,0,0
Trinidad and Tobago,2005,69.5,12323.22,0,0
Tunisia,2005,74.2,3217.89,0,0
Turkey,2005,72.4,7053.95,0,0
Turkmenistan,2005,63.3,3418.35,0,0
Uganda,2005,53.2,383.529,0,0
Ukraine,2005,67,1909.8,0,0
United Arab Emirates,2005,75.3,43988.67,0,1
United Kingdom of Great Britain and Northern Ireland,2005,79,40048.95,0,1
United Republic of Tanzania,2005,52.2,450.395,0,0
United States of America,2005,77.5,44218.31,0,1
Uruguay,2005,75.7,5263.1,0,0
Uzbekistan,2005,67.3,543.851,0,0
Vanuatu,2005,69.9,1845.78,0,0
Venezuela (Bolivarian Republic of),2005,73.6,5412.62,0,0
Viet Nam,2005,74.4,699.682,0,0
Yemen,2005,62.6,797.704,0,0
Zambia,2005,49.3,726.405,0,0
Zimbabwe,2005,44.6,655.33,0,0
Albania,2006,74.2,3019.34,0,0
Algeria,2006,73.4,3508.96,0,0
Angola,2006,47.7,2171.06,0,0
Antigua and Barbuda,2006,74.8,13995.04,0,1
Argentina,2006,75.2,6743.92,0,0
Armenia,2006,72.9,2128.15,0,0
Australia,2006,81.2,37879.09,0,1
Austria,2006,79.8,40536.77,0,1
Azerbaijan,2006,69.2,2414.91,0,0
Bahamas,2006,74.2,24215.2,0,1
Bahrain,2006,75.5,19263.41,0,1
Bangladesh,2006,68.2,523.025,0,0
Barbados,2006,74.1,15705.35,0,1
Belarus,2006,68.9,3838.2,0,0
Belgium,2006,79.4,39106.1,0,1
Belize,2006,69.4,4040.72,0,0
Benin,2006,56.8,557.75,0,0
Bhutan,2006,65.8,1289.32,0,0
Bolivia (Plurinational State of),2006,66.2,1196.63,0,0
Bosnia and Herzegovina,2006,75.7,3178.85,0,0
Botswana,2006,54.8,5347.44,0,0
Brazil,2006,73,5913.41,0,0
Brunei Darussalam,2006,76.3,34941.66,0,1
Bulgaria,2006,72.2,4386.58,0,0
Burkina Faso,2006,54.3,421.08,0,0
Burundi,2006,54.1,166.657,0,0
Cabo Verde,2006,72.1,2566.45,0,0
Cambodia,2006,64.1,536.151,0,0
Cameroon,2006,53.3,979.742,0,0
Canada,2006,80.5,40298.42,0,1
Central African Republic,2006,46.3,362.233,0,0
Chad,2006,48.5,802.158,0,0
Chile,2006,78.9,9473.36,0,0
China,2006,74.2,2076.68,0,0
Colombia,2006,73.1,3749.84,0,0
Comoros,2006,60.3,658.626,0,0
Congo,2006,56.9,2244.92,0,0
Costa Rica,2006,78,5264.85,0,0
Croatia,2006,75.9,11694.06,0,0
Cyprus,2006,78.8,26670.36,0,1
Czech Republic,2006,76.5,15181.86,0,0
Democratic Republic of the Congo,2006,55,228.375,0,0
Denmark,2006,78.1,52137.04,0,1
Djibouti,2006,59.1,1020.63,0,0
Dominican Republic,2006,72.3,4216.93,0,0
Ecuador,2006,74.4,3351.48,0,0
El Salvador,2006,70.5,3041.1,0,0
Equatorial Guinea,2006,54.8,14713.51,0,0
Eritrea,2006,59.7,240.547,0,0
Estonia,2006,73,12632.97,0,0
Ethiopia,2006,57.2,198.344,0,0
Fiji,2006,68.5,3747.04,0,0
Finland,2006,79.2,41240.45,0,1
France,2006,80.6,37900.03,0,1
Gabon,2006,61.4,7264.25,0,0
Gambia,2006,58.2,423.373,0,0
Georgia,2006,73.9,1862.95,0,0
Germany,2006,79.6,36507.13,0,1
Ghana,2006,59.4,952.739,0,0
Greece,2006,79.7,24614.45,0,1
Grenada,2006,71.7,6766.42,0,0
Guatemala,2006,69.7,2320.3,0,0
Guinea,2006,55.6,296.228,0,0
Guinea-Bissau,2006,54.4,407.79,0,0
Guyana,2006,65.2,1911.04,0,0
Haiti,2006,61.1,506.591,0,0
Honduras,2006,72.8,1540.58,0,0
Hungary,2006,73.4,11336.55,0,0
Iceland,2006,81.1,56825.01,0,1
India,2006,64.8,839.927,0,0
Indonesia,2006,67.3,1764.79,0,0
Iran (Islamic Republic of),2006,72.2,3656.56,0,0
Ireland,2006,79,54807.09,0,1
Israel,2006,80.4,21911.32,0,1
Italy,2006,81.2,33501.43,0,1
Jamaica,2006,74,4430.51,0,0
Japan,2006,82.4,34077.49,0,1
Jordan,2006,72.8,2688.74,0,0
Kazakhstan,2006,65,5261.81,0,0
Kenya,2006,55.3,743.439,0,0
Kiribati,2006,65,1148.07,0,0
Kuwait,2006,73.6,31907.2,0,1
Lao People's Democratic Republic,2006,61.5,601.787,0,0
Latvia,2006,70.5,9621.63,0,0
Lebanon,2006,74.1,5342.64,0,0
Lesotho,2006,45.3,794.113,0,0
Liberia,2006,56.7,223.636,0,0
Libya,2006,72.2,9661.78,0,0
Lithuania,2006,70.6,9246.5,0,0
Luxembourg,2006,79.4,89427.28,0,1
Madagascar,2006,61.4,292.991,0,0
Malawi,2006,47.1,284.729,0,0
Malaysia,2006,73.6,6264.42,0,0
Maldives,2006,75,4932.63,0,0
Mali,2006,54.3,497.206,0,0
Malta,2006,79.3,16754.94,0,1
Mauritania,2006,60.9,1053.06,0,0
Mauritius,2006,71.8,5070.96,0,0
Mexico,2006,75.8,8918.07,0,0
Micronesia (Federated States of),2006,68,2408.74,0,0
Mongolia,2006,65,1583.69,0,0
Montenegro,2006,73.8,4382.67,0,0
Morocco,2006,71,2250.08,0,0
Mozambique,2006,51.2,384.664,0,0
Myanmar,2006,64.2,346.23,0,0
Namibia,2006,57,4005.14,0,0
Nepal,2006,66,352.801,0,0
Netherlands,2006,79.8,44493.25,0,1
New Zealand,2006,79.9,26055.53,0,1
Nicaragua,2006,73,1203.68,0,0
Niger,2006,54.5,275.521,0,0
Nigeria,2006,49.8,1555.22,0,0
Norway,2006,80.4,73930.33,0,1
Oman,2006,74.7,13535.93,0,0
Pakistan,2006,64.2,883.477,0,0
Panama,2006,76.2,5020.51,0,0
Papua New Guinea,2006,60.8,934.118,0,0
Paraguay,2006,72.3,1771.72,0,0
Peru,2006,74.2,3179.68,0,0
Philippines,2006,67.3,1405.21,0,0
Poland,2006,75.2,8995.76,0,0
Portugal,2006,78.5,19838.81,0,1
Qatar,2006,76.6,62920.65,0,1
Republic of Korea,2006,79.4,20922.13,0,1
Republic of Moldova,2006,68,949.454,0,0
Romania,2006,72.5,5811.44,0,0
Russian Federation,2006,66.4,6932.3,0,0
Rwanda,2006,57.6,345.631,0,0
Saint Lucia,2006,73.5,6631.67,0,0
Saint Vincent and the Grenadines,2006,71.7,5621.93,0,0
Samoa,2006,72,2831.09,0,0
Saudi Arabia,2006,73.2,15603.99,0,0
Senegal,2006,61.3,808.72,0,0
Serbia,2006,73.6,4145.03,0,0
Seychelles,2006,72.2,12014.42,0,0
Sierra Leone,2006,44.3,356.824,0,0
Singapore,2006,80.7,33579.42,0,1
Slovenia,2006,78.1,19777.13,0,1
Solomon Islands,2006,67.6,980.042,0,0
South Africa,2006,54,5663.7,0,0
Spain,2006,80.8,28531.25,0,1
Sri Lanka,2006,73.8,1429.94,0,0
Sudan,2006,61,989.028,0,0
Suriname,2006,69.3,5208.56,0,0
Swaziland,2006,47.8,2892.02,0,0
Sweden,2006,80.8,46088.54,0,1
Switzerland,2006,81.5,57572.37,0,1
Tajikistan,2006,65.9,397.991,0,0
Thailand,2006,73,3378.83,0,0
The former Yugoslav republic of Macedonia,2006,73.7,3359.61,0,0
Timor-Leste,2006,64.9,2714.13,0,0
Togo,2006,55.7,401.574,0,0
Tonga,2006,72.4,2873.45,0,0
Trinidad and Tobago,2006,69.6,14092.39,0,0
Tunisia,2006,74.4,3394.25,0,0
Turkey,2006,72.8,7638.03,0,0
Turkmenistan,2006,63.7,4191.15,0,0
Uganda,2006,54.9,414.976,0,0
Ukraine,2006,67.7,2407.9,0,0
United Arab Emirates,2006,75.4,44313.59,0,1
United Kingdom of Great Britain and Northern Ireland,2006,79.3,42634.59,0,1
United Republic of Tanzania,2006,53.1,481.665,0,0
United States of America,2006,77.8,46351.67,0,1
Uruguay,2006,76.2,5919.56,0,0
Uzbekistan,2006,67.6,638.558,0,0
Vanuatu,2006,70.1,2007.23,0,0
Venezuela (Bolivarian Republic of),2006,73.6,6622.66,0,0
Viet Nam,2006,74.6,796.928,0,0
Yemen,2006,63,881.648,0,0
Zambia,2006,50.8,1082.75,0,0
Zimbabwe,2006,45.4,597.51,0,0
Albania,2007,75.9,3620.6,0,0
Algeria,2007,73.8,3986.56,0,0
Angola,2007,48.2,3048.99,0,0
Antigua and Barbuda,2007,75,15725.92,0,1
Argentina,2007,74.8,8366.5,0,0
Armenia,2007,73.5,3079.03,0,0
Australia,2007,81.3,45055.52,0,1
Austria,2007,80.1,46721.57,0,1
Azerbaijan,2007,70.3,3759.28,0,0
Bahamas,2007,74.4,24987.84,0,1
Bahrain,2007,75.6,20903.82,0,1
Bangladesh,2007,68.6,584.5,0,0
Barbados,2007,74.2,16549.32,0,1
Belarus,2007,69.8,4726.56,0,0
Belgium,2007,79.5,44684.43,0,1
Belize,2007,69.6,4143.09,0,0
Benin,2007,57.1,633.27,0,0
Bhutan,2007,66.5,1501.21,0,0
Bolivia (Plurinational State of),2007,66.8,1334.61,0,0
Bosnia and Herzegovina,2007,75.4,3912.38,0,0
Botswana,2007,56.9,5676.79,0,0
Brazil,2007,73.3,7368.02,0,0
Brunei Darussalam,2007,76,36692.72,0,1
Bulgaria,2007,72.6,5719.76,0,0
Burkina Faso,2007,55.3,476.359,0,0
Burundi,2007,54.8,174.016,0,0
Cabo Verde,2007,72.3,3129.82,0,0
Cambodia,2007,65,627.78,0,0
Cameroon,2007,53.6,1085.19,0,0
Canada,2007,80.5,44382.83,0,1
Central African Republic,2007,46.8,413.345,0,0
Chad,2007,49.4,911.337,0,0
Chile,2007,78.9,10486.5,0,0
China,2007,74.4,2666.54,0,0
Colombia,2007,73.5,4722.94,0,0
Comoros,2007,60.6,737.819,0,0
Congo,2007,58.2,2370.06,0,0
Costa Rica,2007,78.9,6064.43,0,0
Croatia,2007,75.8,13943.73,0,0
Cyprus,2007,78.9,30692.58,0,1
Czech Republic,2007,76.8,18393.74,0,0
Democratic Republic of the Congo,2007,55.7,253.789,0,0
Denmark,2007,78.4,58655.29,0,1
Djibouti,2007,59.8,1094.97,0,0
Dominican Republic,2007,72.9,4793.05,0,0
Ecuador,2007,74.7,3588.31,0,0
El Salvador,2007,71.2,3285.11,0,0
Equatorial Guinea,2007,55,16848.69,0,0
Eritrea,2007,60.2,252.978,0,0
Estonia,2007,73,16585.72,0,0
Ethiopia,2007,58.5,249.209,0,0
Fiji,2007,68.6,4076.03,0,0
Finland,2007,79.3,48463.31,0,1
France,2007,80.9,43155.5,0,1
Gabon,2007,61.6,8681.84,0,0
Gambia,2007,58.5,502.005,0,0
Georgia,2007,74.4,2478.77,0,0
Germany,2007,79.8,41897.51,0,1
Ghana,2007,59.9,1126.86,0,0
Greece,2007,79.4,28637.19,0,1
Grenada,2007,71.9,7324.19,0,0
Guatemala,2007,70.5,2554.52,0,0
Guinea,2007,56.4,413.773,0,0
Guinea-Bissau,2007,55,469.305,0,0
Guyana,2007,65.7,2281.4,0,0
Haiti,2007,61.8,618.612,0,0
Honduras,2007,73,1710.05,0,0
Hungary,2007,73.5,13767.15,0,0
Iceland,2007,81.3,69209.5,0,1
India,2007,65.2,1080.89,0,0
Indonesia,2007,67.5,2064.23,0,0
Iran (Islamic Republic of),2007,72.4,4732.54,0,0
Ireland,2007,79.5,61634.78,0,1
Israel,2007,80.4,25022.3,0,1
Italy,2007,81.3,37907.95,0,1
Jamaica,2007,74.2,4756.27,0,0
Japan,2007,82.6,34038.35,0,1
Jordan,2007,73,2989.8,0,0
Kazakhstan,2007,65.3,6736,0,0
Kenya,2007,56.8,895.226,0,0
Kiribati,2007,65,1353.37,0,0
Kuwait,2007,73.7,33732.52,0,1
Lao People's Democratic Republic,2007,62.1,701.239,0,0
Latvia,2007,70.8,13975.85,0,0
Lebanon,2007,74.4,5936.77,0,0
Lesotho,2007,46.2,892.777,0,0
Liberia,2007,57.9,274.466,0,0
Libya,2007,72.5,11711.14,0,0
Lithuania,2007,70.2,12313.2,0,0
Luxembourg,2007,79.7,105822.74,0,1
Madagascar,2007,61.9,379.067,0,0
Malawi,2007,48.5,306.9,0,0
Malaysia,2007,73.7,7378.59,0,0
Maldives,2007,75.4,5727.05,0,0
Mali,2007,55,562.304,0,0
Malta,2007,79.6,19584.63,0,1
Mauritania,2007,61.2,1100.95,0,0
Mauritius,2007,72.9,6777.26,0,0
Mexico,2007,76,9503.77,0,0
Micronesia (Federated States of),2007,68.2,2446.6,0,0
Mongolia,2007,65.9,2053.61,0,0
Montenegro,2007,74.2,5965.41,0,0
Morocco,2007,71.4,2562.86,0,0
Mozambique,2007,52.1,419.041,0,0
Myanmar,2007,64.5,478.713,0,0
Namibia,2007,60,4390.57,0,0
Nepal,2007,66.6,397.868,0,0
Netherlands,2007,80.2,51311.4,0,1
New Zealand,2007,80.1,31660.75,0,1
Nicaragua,2007,72.5,1306.62,0,0
Niger,2007,55.2,312.751,0,0
Nigeria,2007,50.5,1789.82,0,0
Norway,2007,80.5,84904.37,0,1
Oman,2007,74.9,14952.44,0,0
Pakistan,2007,64.4,963.901,0,0
Panama,2007,76.4,5694.8,0,0
Papua New Guinea,2007,61.1,1047.02,0,0
Paraguay,2007,72.5,2254.08,0,0
Peru,2007,74,3621,0,0
Philippines,2007,67.5,1683.69,0,0
Poland,2007,75.3,11256.3,0,0
Portugal,2007,78.7,22811.56,0,1
Qatar,2007,76.7,69166.96,0,1
Republic of Korea,2007,79.8,23101.51,0,1
Republic of Moldova,2007,68.3,1228.99,0,0
Romania,2007,72.9,8124.69,0,0
Russian Federation,2007,67.3,9101.56,0,0
Rwanda,2007,59.6,410.419,0,0
Saint Lucia,2007,73.9,7201.63,0,0
Saint Vincent and the Grenadines,2007,71.9,5969.91,0,0
Samoa,2007,72.2,3208.01,0,0
Saudi Arabia,2007,73.2,16666.63,0,0
Senegal,2007,62.1,949.246,0,0
Serbia,2007,73.8,5486.49,0,0
Seychelles,2007,72.2,12155.7,0,0
Sierra Leone,2007,45.3,398.598,0,0
Singapore,2007,81.1,39223.54,0,1
Slovenia,2007,78.3,23959.21,0,1
Solomon Islands,2007,67.6,1048.64,0,0
South Africa,2007,54.5,6145.73,0,0
Spain,2007,80.9,32748.09,0,1
Sri Lanka,2007,73.7,1624.18,0,0
Sudan,2007,61.4,1235.15,0,0
Suriname,2007,69.5,5758.07,0,0
Swaziland,2007,50,3325.74,0,0
Sweden,2007,80.9,53122.33,0,1
Switzerland,2007,81.7,63629.95,0,1
Tajikistan,2007,66.1,514.47,0,0
Thailand,2007,73.3,3978.3,0,0
The former Yugoslav republic of Macedonia,2007,73.5,4076.3,0,0
Timor-Leste,2007,65.8,2875.31,0,0
Togo,2007,55.9,433.106,0,0
Tonga,2007,72.5,3139.07,0,0
Trinidad and Tobago,2007,69.7,16520.25,0,0
Tunisia,2007,74.6,3805.33,0,0
Turkey,2007,73.2,9213.85,0,0
Turkmenistan,2007,64.1,5006.08,0,0
Uganda,2007,55.5,495.107,0,0
Ukraine,2007,67.5,3219.88,0,0
United Arab Emirates,2007,75.6,41472.29,0,1
United Kingdom of Great Britain and Northern Ireland,2007,79.5,48591.97,0,1
United Republic of Tanzania,2007,54.5,541.793,0,0
United States of America,2007,78.1,47954.53,0,1
Uruguay,2007,75.4,7058.13,0,0
Uzbekistan,2007,67.8,823.976,0,0
Vanuatu,2007,70.3,2350.98,0,0
Venezuela (Bolivarian Republic of),2007,73.4,8110.11,0,0
Viet Nam,2007,74.7,920.463,0,0
Yemen,2007,63.4,971.326,0,0
Zambia,2007,52.6,1160.77,0,0
Zimbabwe,2007,46.6,576.336,0,0
Albania,2008,75.3,4407.52,0,0
Algeria,2008,74.1,4943.5,0,0
Angola,2008,48.7,4122.21,0,0
Antigua and Barbuda,2008,75.2,16259.67,0,1
Argentina,2008,75.4,10158.2,0,0
Armenia,2008,73.2,3913.44,0,0
Australia,2008,81.3,48248.64,0,1
Austria,2008,80.4,51713.8,0,1
Azerbaijan,2008,70.3,5212.83,0,0
Bahamas,2008,74.5,24481.89,0,1
Bahrain,2008,75.8,23231.04,0,1
Bangladesh,2008,69.1,655.954,0,0
Barbados,2008,74.4,16691.75,0,1
Belarus,2008,70,6366.82,0,0
Belgium,2008,79.5,48988.69,0,1
Belize,2008,69.6,4252.11,0,0
Benin,2008,57.6,742.732,0,0
Bhutan,2008,67,1864.81,0,0
Bolivia (Plurinational State of),2008,67.4,1674.53,0,0
Bosnia and Herzegovina,2008,76,4784.5,0,0
Botswana,2008,57.5,5641.18,0,0
Brazil,2008,73.4,8847.69,0,0
Brunei Darussalam,2008,77.2,42748.38,0,1
Bulgaria,2008,72.9,7052.28,0,0
Burkina Faso,2008,56.1,573.615,0,0
Burundi,2008,55.3,201.97,0,0
Cabo Verde,2008,72.4,3692,0,0
Cambodia,2008,65.6,741.855,0,0
Cameroon,2008,54.2,1208.9,0,0
Canada,2008,80.7,46464.7,0,1
Central African Republic,2008,47.6,474.39,0,0
Chad,2008,49.6,1068.91,0,0
Chile,2008,79.6,10760.85,0,0
China,2008,74.5,3432.86,0,0
Colombia,2008,73.5,5495.98,0,0
Comoros,2008,61,819.412,0,0
Congo,2008,59.4,3264.39,0,0
Costa Rica,2008,78.9,6775.04,0,0
Croatia,2008,76,16346.45,0,0
Cyprus,2008,79.1,34662.21,0,1
Czech Republic,2008,77,22769.35,0,0
Democratic Republic of the Congo,2008,56.3,288.033,0,0
Denmark,2008,78.8,64390.56,0,1
Djibouti,2008,60.2,1235.84,0,0
Dominican Republic,2008,73.3,5180.17,0,0
Ecuador,2008,74.6,4267.47,0,0
El Salvador,2008,71.7,3484.72,0,0
Equatorial Guinea,2008,55.4,24348.17,0,0
Eritrea,2008,60.7,256.438,0,0
Estonia,2008,74.2,18110.38,0,0
Ethiopia,2008,59.8,334.145,0,0
Fiji,2008,68.7,4175.11,0,0
Finland,2008,79.6,53785.14,0,1
France,2008,80.9,47273.32,0,1
Gabon,2008,61.6,10667.33,0,0
Gambia,2008,58.7,590.286,0,0
Georgia,2008,73.9,3158.88,0,0
Germany,2008,79.9,45976.12,0,1
Ghana,2008,60.3,1266.11,0,0
Greece,2008,79.9,31862.75,0,1
Grenada,2008,72.1,7947.29,0,0
Guatemala,2008,70.9,2859.65,0,0
Guinea,2008,56.8,437.959,0,0
Guinea-Bissau,2008,55.6,572.344,0,0
Guyana,2008,66.3,2500.16,0,0
Haiti,2008,62.1,679.532,0,0
Honduras,2008,73.2,1883.23,0,0
Hungary,2008,74.1,15587.75,0,0
Iceland,2008,81.4,55571.88,0,1
India,2008,65.5,1053.44,0,0
Indonesia,2008,67.7,2418.04,0,0
Iran (Islamic Republic of),2008,72.7,5419.29,0,0
Ireland,2008,79.8,61252.55,0,1
Israel,2008,81,29666.47,0,1
Italy,2008,81.5,40973.49,0,1
Jamaica,2008,74.5,5054.54,0,0
Japan,2008,82.7,37865.07,0,1
Jordan,2008,73.1,3754.28,0,0
Kazakhstan,2008,66.6,8457.34,0,0
Kenya,2008,57.9,978.454,0,0
Kiribati,2008,65.1,1421.93,0,0
Kuwait,2008,73.8,42827.13,0,1
Lao People's Democratic Republic,2008,62.6,861.968,0,0
Latvia,2008,71.9,16349.2,0,0
Lebanon,2008,74.5,6887.7,0,0
Lesotho,2008,47.8,882.589,0,0
Liberia,2008,58.6,311.672,0,0
Libya,2008,72.6,14836.13,0,0
Lithuania,2008,71.1,15102.34,0,0
Luxembourg,2008,80,114523,0,1
Madagascar,2008,62.3,472.379,0,0
Malawi,2008,50,358.416,0,0
Malaysia,2008,73.8,8646.57,0,0
Maldives,2008,75.9,6840.91,0,0
Mali,2008,55.5,668.182,0,0
Malta,2008,80,22116.12,0,1
Mauritania,2008,61.4,1275.4,0,0
Mauritius,2008,72.7,6870.02,0,0
Mexico,2008,75.6,9894.25,0,0
Micronesia (Federated States of),2008,68.4,2514.81,0,0
Mongolia,2008,67.4,3039.74,0,0
Montenegro,2008,74.6,7360.43,0,0
Morocco,2008,71.8,2967.15,0,0
Mozambique,2008,53.2,486.948,0,0
Myanmar,2008,59.2,705.348,0,0
Namibia,2008,61.7,4199.81,0,0
Nepal,2008,67,477.928,0,0
Netherlands,2008,80.3,57197.22,0,1
New Zealand,2008,80.1,31352.41,0,1
Nicaragua,2008,72.5,1469.41,0,0
Niger,2008,56,382.36,0,0
Nigeria,2008,50.9,2201.77,0,0
Norway,2008,80.6,96499.7,0,1
Oman,2008,75.2,21272.15,0,0
Pakistan,2008,64.6,1039.69,0,0
Panama,2008,76.5,6501.33,0,0
Papua New Guinea,2008,61.4,1291.13,0,0
Paraguay,2008,72.7,2970.05,0,0
Peru,2008,73.9,4243.59,0,0
Philippines,2008,67.5,1918.26,0,0
Poland,2008,75.5,13905.67,0,0
Portugal,2008,79,24933.16,0,1
Qatar,2008,76.8,74189.29,0,1
Republic of Korea,2008,80.3,20474.89,0,1
Republic of Moldova,2008,68.9,1694.74,0,0
Romania,2008,73.1,10160.35,0,0
Russian Federation,2008,67.5,11638.73,0,0
Rwanda,2008,60.8,505.201,0,0
Saint Lucia,2008,74.1,7292.29,0,0
Saint Vincent and the Grenadines,2008,72.1,6366.7,0,0
Samoa,2008,72.5,3496.17,0,0
Saudi Arabia,2008,73.3,20157.29,0,0
Senegal,2008,62.8,1098.9,0,0
Serbia,2008,74,6688.95,0,0
Seychelles,2008,72.2,11123,0,0
Sierra Leone,2008,46.2,453.958,0,0
Singapore,2008,81.4,39722.15,0,1
Slovenia,2008,78.9,27784.01,0,1
Solomon Islands,2008,68,1207.9,0,0
South Africa,2008,55.3,5818.24,0,0
Spain,2008,81.3,35724.77,0,1
Sri Lanka,2008,72.3,2027.4,0,0
Sudan,2008,61.8,1430.17,0,0
Suriname,2008,69.8,6832.95,0,0
Swaziland,2008,51.4,3166.85,0,0
Sweden,2008,81.1,55525.76,0,1
Switzerland,2008,82,72751.22,0,1
Tajikistan,2008,66.4,696.342,0,0
Thailand,2008,73.5,4379.53,0,0
The former Yugoslav republic of Macedonia,2008,74.2,4838.15,0,0
Timor-Leste,2008,66.2,4287.2,0,0
Togo,2008,56.2,530.172,0,0
Tonga,2008,72.6,3243.69,0,0
Trinidad and Tobago,2008,69.9,21170.67,0,0
Tunisia,2008,74.7,4342.68,0,0
Turkey,2008,73.5,10283,0,0
Turkmenistan,2008,64.5,4083.59,0,0
Uganda,2008,56.3,571.957,0,0
Ukraine,2008,67.7,4095.44,0,0
United Arab Emirates,2008,75.8,39074.84,0,1
United Kingdom of Great Britain and Northern Ireland,2008,79.6,45374.81,0,1
United Republic of Tanzania,2008,56.2,671.868,0,0
United States of America,2008,78.2,48302.28,0,1
Uruguay,2008,76.4,9107.89,0,0
Uzbekistan,2008,67.9,1038.94,0,0
Vanuatu,2008,70.5,2654,0,0
Venezuela (Bolivarian Republic of),2008,73.2,10513.05,0,0
Viet Nam,2008,74.9,1154.49,0,0
Yemen,2008,63.8,1171.17,0,0
Zambia,2008,55.7,1437.83,0,0
Zimbabwe,2008,48.2,490.449,0,0
Albania,2009,76.1,4172.74,0,0
Algeria,2009,74.4,3886.06,0,0
Angola,2009,49.1,3589.19,0,0
Antigua and Barbuda,2009,75.4,14403.92,0,1
Argentina,2009,75.6,9389.09,0,0
Armenia,2009,73.3,2911.76,0,0
Australia,2009,81.7,44893.15,0,1
Austria,2009,80.2,47822.73,0,1
Azerbaijan,2009,70.8,4933.36,0,0
Bahamas,2009,74.6,22952.5,0,1
Bahrain,2009,76,19461.09,0,1
Bangladesh,2009,69.5,728.387,0,0
Barbados,2009,74.6,16680.66,0,1
Belarus,2009,70,5172.24,0,0
Belgium,2009,79.8,45295.43,0,1
Belize,2009,69.5,4145.95,0,0
Benin,2009,58.4,714.403,0,0
Bhutan,2009,67.4,1723.07,0,0
Bolivia (Plurinational State of),2009,68,1695.31,0,0
Bosnia and Herzegovina,2009,76.1,4422.16,0,0
Botswana,2009,59.2,5206.46,0,0
Brazil,2009,73.6,8611.83,0,0
Brunei Darussalam,2009,76.8,31288.36,0,1
Bulgaria,2009,73.2,6643.44,0,0
Burkina Faso,2009,56.9,555.874,0,0
Burundi,2009,56.2,217.263,0,0
Cabo Verde,2009,72.4,3524.33,0,0
Cambodia,2009,66.1,734.655,0,0
Cameroon,2009,54.8,1176.48,0,0
Canada,2009,81,40821.77,0,1
Central African Republic,2009,48.6,464.514,0,0
Chad,2009,50.7,930.228,0,0
Chile,2009,79.3,10197.89,0,0
China,2009,74.9,3791.47,0,0
Colombia,2009,73.6,5200.05,0,0
Comoros,2009,61.3,801.496,0,0
Congo,2009,60.8,2560.98,0,0
Costa Rica,2009,79.2,6574.29,0,0
Croatia,2009,76.3,14562.45,0,0
Cyprus,2009,79.3,31326.63,0,1
Czech Republic,2009,77.1,19744.56,0,0
Democratic Republic of the Congo,2009,56.7,267.744,0,0
Denmark,2009,78.9,58018.21,0,1
Djibouti,2009,60.9,1282.28,0,0
Dominican Republic,2009,73.6,5131.67,0,0
Ecuador,2009,75.1,4241.94,0,0
El Salvador,2009,71.4,3343.2,0,0
Equatorial Guinea,2009,55.7,15098.55,0,0
Eritrea,2009,61.4,334.065,0,0
Estonia,2009,74.9,14706,0,0
Ethiopia,2009,60.8,397.808,0,0
Fiji,2009,68.9,3367.38,0,0
Finland,2009,79.7,47337.94,0,1
France,2009,81.1,43234.25,0,1
Gabon,2009,61.7,8238.67,0,0
Gambia,2009,59,535.536,0,0
Georgia,2009,73.2,2693.73,0,0
Germany,2009,80,41889.7,0,1
Ghana,2009,60.6,1124.2,0,0
Greece,2009,80,29550.85,0,1
Grenada,2009,72.4,7395.09,0,0
Guatemala,2009,70.6,2690.09,0,0
Guinea,2009,57.3,437.517,0,0
Guinea-Bissau,2009,56.3,533.864,0,0
Guyana,2009,66.1,2628.11,0,0
Haiti,2009,62.5,674.283,0,0
Honduras,2009,73.4,1939.28,0,0
Hungary,2009,74.2,12896.01,0,0
Iceland,2009,81.6,40252.22,0,1
India,2009,66,1159.06,0,0
Indonesia,2009,67.9,2464.96,0,0
Iran (Islamic Republic of),2009,73.3,5419.84,0,0
Ireland,2009,79.7,51919.75,0,1
Israel,2009,81.5,27808.81,0,1
Italy,2009,81.6,37148.47,0,1
Jamaica,2009,74.7,4434.77,0,0
Japan,2009,83,39321.22,0,1
Jordan,2009,73.3,3983.28,0,0
Kazakhstan,2009,67.8,7118.57,0,0
Kenya,2009,59.1,982.003,0,0
Kiribati,2009,65.2,1304.56,0,0
Kuwait,2009,73.9,30414.74,0,1
Lao People's Democratic Republic,2009,63.1,890.638,0,0
Latvia,2009,72.6,12174.51,0,0
Lebanon,2009,74.7,8274.29,0,0
Lesotho,2009,49.4,919.326,0,0
Liberia,2009,59.2,314.991,0,0
Libya,2009,72.7,10581.99,0,0
Lithuania,2009,72.2,11866.64,0,0
Luxembourg,2009,80.3,102359.18,0,1
Madagascar,2009,62.8,417.179,0,0
Malawi,2009,51.5,405.62,0,0
Malaysia,2009,74,7439.44,0,0
Maldives,2009,76.3,6882.25,0,0
Mali,2009,56,662.848,0,0
Malta,2009,80.2,20806.32,0,1
Mauritania,2009,61.7,1146.23,0,0
Mauritius,2009,72.8,7726.77,0,0
Mexico,2009,75.7,7930.5,0,0
Micronesia (Federated States of),2009,68.5,2682.25,0,0
Mongolia,2009,66.9,2205.59,0,0
Montenegro,2009,75,6715.06,0,0
Morocco,2009,72.3,2947.81,0,0
Mozambique,2009,53.8,473.09,0,0
Myanmar,2009,65.2,771.565,0,0
Namibia,2009,62.4,4327.65,0,0
Nepal,2009,67.5,484.272,0,0
Netherlands,2009,80.6,52033.16,0,1
New Zealand,2009,80.5,27838.34,0,1
Nicaragua,2009,73.2,1432.24,0,0
Niger,2009,57.1,368.278,0,0
Nigeria,2009,51.6,1780.88,0,0
Norway,2009,80.9,79786.85,0,1
Oman,2009,75.4,16203.97,0,0
Pakistan,2009,64.8,1009.31,0,0
Panama,2009,76.8,6711.92,0,0
Papua New Guinea,2009,61.6,1278.68,0,0
Paraguay,2009,73,2512.81,0,0
Peru,2009,73.8,4165.75,0,0
Philippines,2009,68,1851.48,0,0
Poland,2009,75.7,11454.02,0,0
Portugal,2009,79.3,23122.57,0,1
Qatar,2009,77,59935.45,0,1
Republic of Korea,2009,80.6,18338.71,0,1
Republic of Moldova,2009,69,1524.24,0,0
Romania,2009,73.1,8220.82,0,0
Russian Federation,2009,68.2,8561.95,0,0
Rwanda,2009,61,547.31,0,0
Saint Lucia,2009,74.3,7206.63,0,0
Saint Vincent and the Grenadines,2009,72.3,6172.79,0,0
Samoa,2009,70.6,3293.47,0,0
Saudi Arabia,2009,73.4,16094.67,0,0
Senegal,2009,63.5,1020.6,0,0
Serbia,2009,74.1,5820.47,0,0
Seychelles,2009,72.3,9707.27,0,0
Sierra Leone,2009,47.1,435.01,0,0
Singapore,2009,81.7,38577.17,0,1
Slovenia,2009,79.1,24785.05,0,1
Solomon Islands,2009,68.1,1160.79,0,0
South Africa,2009,56.5,5937.77,0,0
Spain,2009,81.6,32412.23,0,1
Sri Lanka,2009,71.8,2076.81,0,0
Sudan,2009,62,1358.61,0,0
Suriname,2009,70,7394.1,0,0
Swaziland,2009,52.6,3446.71,0,0
Sweden,2009,81.4,45998.35,0,1
Switzerland,2009,82.1,70246.99,0,1
Tajikistan,2009,66.7,661.001,0,0
Thailand,2009,73.7,4205.56,0,0
The former Yugoslav republic of Macedonia,2009,74.4,4579.09,0,0
Timor-Leste,2009,66.6,3129.76,0,0
Togo,2009,56.7,516.109,0,0
Tonga,2009,72.5,3333.06,0,0
Trinidad and Tobago,2009,70.1,14498.99,0,0
Tunisia,2009,74.7,4177.71,0,0
Turkey,2009,73.9,8528.56,0,0
Turkmenistan,2009,65.6,3776.04,0,0
Uganda,2009,57.5,564.722,0,0
Ukraine,2009,69.2,2654.99,0,0
United Arab Emirates,2009,76,30920.45,0,1
United Kingdom of Great Britain and Northern Ireland,2009,80.1,37394.39,0,1
United Republic of Tanzania,2009,56.9,683.856,0,0
United States of America,2009,78.5,46909.42,0,1
Uruguay,2009,76.6,9465.36,0,0
Uzbekistan,2009,68,1195.02,0,0
Vanuatu,2009,70.8,2606.79,0,0
Venezuela (Bolivarian Republic of),2009,73.6,8340.53,0,0
Viet Nam,2009,75,1181.45,0,0
Yemen,2009,64.1,1060.93,0,0
Zambia,2009,57.4,1195.19,0,0
Zimbabwe,2009,50,666.973,0,0
Albania,2010,76.2,4155.12,0,0
Algeria,2010,74.7,4480.72,0,0
Angola,2010,49.6,3806.77,0,0
Antigua and Barbuda,2010,75.6,13413.49,0,1
Argentina,2010,75.5,11318.2,0,0
Armenia,2010,73.5,3128.48,0,0
Australia,2010,81.9,56149.49,0,1
Austria,2010,80.4,46810.13,0,1
Azerbaijan,2010,71.1,5847.26,0,0
Bahamas,2010,75,22957.79,0,1
Bahrain,2010,76.1,20823.22,0,1
Bangladesh,2010,69.9,807.531,0,0
Barbados,2010,74.7,16075.56,0,1
Belarus,2010,70.3,5812.73,0,0
Belgium,2010,80,44770.46,0,1
Belize,2010,69.5,4321.29,0,0
Benin,2010,58.7,690.869,0,0
Bhutan,2010,67.9,1999.24,0,0
Bolivia (Plurinational State of),2010,68.7,1883.16,0,0
Bosnia and Herzegovina,2010,76.4,4323.08,0,0
Botswana,2010,61.1,6374.99,0,0
Brazil,2010,73.8,11300.71,0,0
Brunei Darussalam,2010,76.9,35437.25,0,1
Bulgaria,2010,73.4,6500,0,0
Burkina Faso,2010,57.5,587.058,0,0
Burundi,2010,56.8,242.84,0,0
Cabo Verde,2010,72.5,3413.26,0,0
Cambodia,2010,66.6,781.912,0,0
Cameroon,2010,55.3,1158.78,0,0
Canada,2010,81.2,47530.6,0,1
Central African Republic,2010,49.2,456.564,0,0
Chad,2010,51.2,1044.5,0,0
Chile,2010,79.1,12731.8,0,0
China,2010,75,4504.07,0,0
Colombia,2010,73.6,6305.29,0,0
Comoros,2010,61.8,789.466,0,0
Congo,2010,62,3112.53,0,0
Costa Rica,2010,78.1,8005.99,0,0
Croatia,2010,76.6,13895.34,0,0
Cyprus,2010,79.5,30119.61,0,1
Czech Republic,2010,77.5,19787.29,0,0
Democratic Republic of the Congo,2010,57.4,292.955,0,0
Denmark,2010,79.2,57782.72,0,1
Djibouti,2010,61.3,1341.88,0,0
Dominican Republic,2010,72.7,5676.27,0,0
Ecuador,2010,75,4633.25,0,0
El Salvador,2010,72,3443.46,0,0
Equatorial Guinea,2010,56.1,18256.39,0,0
Eritrea,2010,62.1,368.748,0,0
Estonia,2010,75.6,14581.89,0,0
Ethiopia,2010,61.8,360.829,0,0
Fiji,2010,69.1,3649.34,0,0
Finland,2010,79.9,46391.71,0,1
France,2010,81.3,42249.06,0,1
Gabon,2010,62.3,9594.89,0,0
Gambia,2010,59.3,550.688,0,0
Georgia,2010,73.8,2951.24,0,0
Germany,2010,80.1,41876.44,0,1
Ghana,2010,60.9,1357.64,0,0
Greece,2010,80.3,26839.15,0,1
Grenada,2010,72.6,7365.67,0,0
Guatemala,2010,70.7,2875.31,0,0
Guinea,2010,57.8,453.189,0,0
Guinea-Bissau,2010,56.7,534.412,0,0
Guyana,2010,65.9,2908.07,0,0
Haiti,2010,36.3,668.944,0,0
Honduras,2010,73.6,2063.93,0,0
Hungary,2010,74.5,12940.39,0,0
Iceland,2010,81.8,41673.94,0,1
India,2010,66.4,1429.6,0,0
Indonesia,2010,68.1,3178.13,0,0
Iran (Islamic Republic of),2010,74.1,6241.29,0,0
Ireland,2010,80.6,48314.54,0,1
Israel,2010,81.7,30747.8,0,1
Italy,2010,81.8,35995.62,0,1
Jamaica,2010,75,4811.45,0,0
Japan,2010,83,42942.77,0,1
Jordan,2010,73.4,4322.82,0,0
Kazakhstan,2010,67.8,9008.71,0,0
Kenya,2010,60.3,1038.95,0,0
Kiribati,2010,65.3,1512.99,0,0
Kuwait,2010,74,32216.41,0,1
Lao People's Democratic Republic,2010,63.6,1069.75,0,0
Latvia,2010,72.8,11371.07,0,0
Lebanon,2010,74.9,8755.85,0,0
Lesotho,2010,51.1,1189.44,0,0
Liberia,2010,59.7,341.985,0,0
Libya,2010,72.8,12382.47,0,0
Lithuania,2010,72.4,11999.4,0,0
Luxembourg,2010,80.6,104453.59,0,1
Madagascar,2010,63.3,414.143,0,0
Malawi,2010,52.9,442.765,0,0
Malaysia,2010,74.1,8920.47,0,0
Maldives,2010,76.7,7287.74,0,0
Mali,2010,56.5,674.951,0,0
Malta,2010,80.3,21150.42,0,1
Mauritania,2010,62,1322.34,0,0
Mauritius,2010,73.3,7833.63,0,0
Mexico,2010,75.6,9196.89,0,0
Micronesia (Federated States of),2010,68.7,2854.99,0,0
Mongolia,2010,66.3,2608.31,0,0
Montenegro,2010,75.3,6648.85,0,0
Morocco,2010,72.8,2926.67,0,0
Mozambique,2010,54,436.779,0,0
Myanmar,2010,65.4,998.384,0,0
Namibia,2010,63,5420,0,0
Nepal,2010,68,596.058,0,0
Netherlands,2010,80.8,50433.31,0,1
New Zealand,2010,80.9,32960.36,0,1
Nicaragua,2010,73.2,1475.8,0,0
Niger,2010,58.2,378.205,0,0
Nigeria,2010,52,2395.62,0,0
Norway,2010,81,87309.34,0,1
Oman,2010,75.6,19698.23,0,0
Pakistan,2010,65.1,1034.31,0,0
Panama,2010,76.5,7387.82,0,0
Papua New Guinea,2010,61.8,1471.34,0,0
Paraguay,2010,73.2,3204.84,0,0
Peru,2010,73.7,5027.21,0,0
Philippines,2010,67.9,2155.41,0,0
Poland,2010,76.3,12532.55,0,0
Portugal,2010,79.6,22580.68,0,1
Qatar,2010,77.3,76413.2,0,1
Republic of Korea,2010,80.7,22151.21,0,1
Republic of Moldova,2010,68.8,1631.28,0,0
Romania,2010,73.4,8277.34,0,0
Russian Federation,2010,68.4,10671.22,0,0
Rwanda,2010,62.8,569.786,0,0
Saint Lucia,2010,74.2,7540.59,0,0
Saint Vincent and the Grenadines,2010,72.5,6224.22,0,0
Samoa,2010,72.6,3511.56,0,0
Saudi Arabia,2010,73.7,19112.69,0,0
Senegal,2010,64.3,998.928,0,0
Serbia,2010,74.4,5353.56,0,0
Seychelles,2010,72.4,10805.1,0,0
Sierra Leone,2010,48.1,448.198,0,0
Singapore,2010,82,46569.4,0,1
Slovenia,2010,79.5,23499.59,0,1
Solomon Islands,2010,68.3,1275.8,0,0
South Africa,2010,58,7389.04,0,0
Spain,2010,81.9,30802.85,0,1
Sri Lanka,2010,74.5,2428.87,0,0
Sudan,2010,62.5,1635.07,0,0
Suriname,2010,70.3,8224.07,0,0
Swaziland,2010,53.6,4306.8,0,0
Sweden,2010,81.5,51869.16,0,1
Switzerland,2010,82.3,74590.83,0,1
Tajikistan,2010,67.3,740.733,0,0
Thailand,2010,73.9,5062.68,0,0
The former Yugoslav republic of Macedonia,2010,74.7,4576.23,0,0
Timor-Leste,2010,66.9,3736.46,0,0
Togo,2010,57.4,504.1,0,0
Tonga,2010,72.8,3837.68,0,0
Trinidad and Tobago,2010,70.4,15840.42,0,0
Tunisia,2010,74.8,4176.88,0,0
Turkey,2010,74.2,10001.63,0,0
Turkmenistan,2010,65.8,4072.1,0,0
Uganda,2010,58.4,594.461,0,0
Ukraine,2010,69.8,2982.81,0,0
United Arab Emirates,2010,76.2,34611.96,0,1
United Kingdom of Great Britain and Northern Ireland,2010,80.2,38664.85,0,1
United Republic of Tanzania,2010,57.5,725.765,0,0
United States of America,2010,78.7,48309.45,0,1
Uruguay,2010,76.3,12001.66,0,0
Uzbekistan,2010,68.3,1367.13,0,0
Vanuatu,2010,71,2923.25,0,0
Venezuela (Bolivarian Republic of),2010,73.7,9498.72,0,0
Viet Nam,2010,75.2,1297.23,0,0
Yemen,2010,64.4,1266.79,0,0
Zambia,2010,58,1533.28,0,0
Zimbabwe,2010,52.4,765.418,0,0
Albania,2011,76.6,4534.37,0,0
Algeria,2011,74.9,5430.57,0,0
Angola,2011,50.1,4665.91,0,0
Antigua and Barbuda,2011,75.7,13205.07,0,1
Argentina,2011,75.7,13540.01,0,0
Armenia,2011,73.9,3426.39,0,0
Australia,2011,82,66604.21,0,1
Austria,2011,80.8,51274.07,0,1
Azerbaijan,2011,71.6,7106.04,0,0
Bahamas,2011,75,22647.32,0,1
Bahrain,2011,76.1,24299.03,0,1
Bangladesh,2011,70.3,857.496,0,0
Barbados,2011,74.9,15722.76,0,1
Belarus,2011,70.2,6300.45,0,0
Belgium,2011,80.3,48053.27,0,1
Belize,2011,69.4,4481.99,0,0
Benin,2011,59.1,746.834,0,0
Bhutan,2011,68.3,2395,0,0
Bolivia (Plurinational State of),2011,69.3,2253.09,0,0
Bosnia and Herzegovina,2011,76.9,4708.85,0,0
Botswana,2011,62.2,7743.5,0,0
Brazil,2011,74.1,13237.59,0,0
Brunei Darussalam,2011,77.4,47097.43,0,1
Bulgaria,2011,73.7,7615.28,0,0
Burkina Faso,2011,58.1,671.065,0,0
Burundi,2011,57.4,276.688,0,0
Cabo Verde,2011,72.6,3801.45,0,0
Cambodia,2011,67,877.635,0,0
Cameroon,2011,55.6,1271.21,0,0
Canada,2011,81.5,52145.45,0,1
Central African Republic,2011,49.8,495.035,0,0
Chad,2011,51.6,1161.22,0,0
Chile,2011,79.8,14525.81,0,0
China,2011,75.2,5560.94,0,0
Colombia,2011,74.2,7305.22,0,0
Comoros,2011,62.2,860.243,0,0
Congo,2011,62.9,3629.42,0,0
Costa Rica,2011,79,8979.96,0,0
Croatia,2011,77,14522.82,0,0
Cyprus,2011,79.7,31454.69,0,1
Czech Republic,2011,77.8,21676.25,0,0
Democratic Republic of the Congo,2011,57.9,338.627,0,0
Denmark,2011,79.7,61413.56,0,1
Djibouti,2011,61.8,1433.17,0,0
Dominican Republic,2011,73.1,6085.89,0,0
Ecuador,2011,75.3,5192.88,0,0
El Salvador,2011,72,3696.33,0,0
Equatorial Guinea,2011,56.2,24064.04,0,0
Eritrea,2011,62.9,439.728,0,0
Estonia,2011,76.1,17304.36,0,0
Ethiopia,2011,62.6,379.381,0,0
Fiji,2011,69.2,4201.37,0,0
Finland,2011,80.3,50960.18,0,1
France,2011,81.7,45430.28,0,1
Gabon,2011,62.8,11989,0,0
Gambia,2011,59.8,505.761,0,0
Georgia,2011,73.9,3710.7,0,0
Germany,2011,80.5,46822.36,0,1
Ghana,2011,61.2,1627.9,0,0
Greece,2011,80.5,25987.36,0,1
Grenada,2011,72.9,7410.48,0,0
Guatemala,2011,71.1,3233.8,0,0
Guinea,2011,58.1,459.086,0,0
Guinea-Bissau,2011,57.1,681.254,0,0
Guyana,2011,65.6,3269.46,0,0
Haiti,2011,62.3,749.129,0,0
Honduras,2011,73.9,2269.51,0,0
Hungary,2011,74.8,13964.21,0,0
Iceland,2011,82.1,46052.01,0,1
India,2011,66.8,1513.85,0,0
Indonesia,2011,68.3,3688.53,0,0
Iran (Islamic Republic of),2011,74.7,7511.1,0,0
Ireland,2011,80.4,52853.58,0,1
Israel,2011,81.8,33718.95,0,1
Italy,2011,82,38411.98,0,1
Jamaica,2011,75.2,5226.3,0,0
Japan,2011,82.5,46201.61,0,1
Jordan,2011,73.6,4615.17,0,0
Kazakhstan,2011,68.5,11277.97,0,0
Kenya,2011,61.2,1062.11,0,0
Kiribati,2011,65.5,1708.44,0,0
Kuwait,2011,74.2,41830.52,0,1
Lao People's Democratic Republic,2011,64,1236.24,0,0
Latvia,2011,73.6,13732,0,0
Lebanon,2011,75,9143.86,0,0
Lesotho,2011,52.3,1338.42,0,0
Liberia,2011,60.2,397.384,0,0
Libya,2011,71.3,5859.43,0,0
Lithuania,2011,72.8,14373.71,0,0
Luxembourg,2011,80.8,114664.87,0,1
Madagascar,2011,63.8,456.327,0,0
Malawi,2011,54.1,493.843,0,0
Malaysia,2011,74.3,10252.58,0,0
Maldives,2011,77.3,7165.02,0,0
Mali,2011,56.8,741.224,0,0
Malta,2011,80.7,23143.48,0,1
Mauritania,2011,62.2,1524.39,0,0
Mauritius,2011,73.6,8811.15,0,0
Mexico,2011,76.1,10123.93,0,0
Micronesia (Federated States of),2011,68.9,2982.24,0,0
Mongolia,2011,67.3,3736.07,0,0
Montenegro,2011,75.4,7251.6,0,0
Morocco,2011,73.3,3149.43,0,0
Mozambique,2011,54.3,538.822,0,0
Myanmar,2011,65.6,1117.58,0,0
Namibia,2011,64.3,5880.8,0,0
Nepal,2011,68.4,700.069,0,0
Netherlands,2011,81.1,53589.91,0,1
New Zealand,2011,80.6,37488.31,0,1
Nicaragua,2011,74.5,1626.85,0,0
Niger,2011,59.4,410.914,0,0
Nigeria,2011,52.3,2612.12,0,0
Norway,2011,81.1,100171.7,0,1
Oman,2011,75.8,22622.78,0,0
Pakistan,2011,65.5,1218.6,0,0
Panama,2011,77.3,8410.77,0,0
Papua New Guinea,2011,62,1871.21,0,0
Paraguay,2011,73.4,3557.31,0,0
Peru,2011,74.5,5684.73,0,0
Philippines,2011,68,2379.44,0,0
Poland,2011,76.7,13769.51,0,0
Portugal,2011,80.2,23217.34,0,1
Qatar,2011,77.5,99431.46,0,1
Republic of Korea,2011,81.1,24155.83,0,1
Republic of Moldova,2011,70.7,1971.03,0,0
Romania,2011,74.3,9213.94,0,0
Russian Federation,2011,69.4,13320.22,0,0
Rwanda,2011,63.8,628.084,0,0
Saint Lucia,2011,74.6,7737.2,0,0
Saint Vincent and the Grenadines,2011,72.7,6171.48,0,0
Samoa,2011,73,4067.15,0,0
Saudi Arabia,2011,73.9,23593.83,0,0
Senegal,2011,64.9,1079.27,0,0
Serbia,2011,74.6,6426.18,0,0
Seychelles,2011,72.6,11738.14,0,0
Sierra Leone,2011,48.9,499.891,0,0
Singapore,2011,82.2,53122.37,0,1
Slovenia,2011,79.8,25040.52,0,1
Solomon Islands,2011,68.5,1647.86,0,0
South Africa,2011,58.9,8089.87,0,0
Spain,2011,82.1,32008.72,0,1
Sri Lanka,2011,74.5,2880.03,0,0
Sudan,2011,62.7,2058.09,0,0
Suriname,2011,70.6,8190.7,0,0
Swaziland,2011,55,4657.48,0,0
Sweden,2011,81.7,59381.87,0,1
Switzerland,2011,82.6,88506.21,0,1
Tajikistan,2011,68.1,836.173,0,0
Thailand,2011,74.1,5479.29,0,0
The former Yugoslav republic of Macedonia,2011,74.9,5174.89,0,0
Timor-Leste,2011,67.2,5167.86,0,0
Togo,2011,58.3,580.855,0,0
Tonga,2011,72.9,4330.9,0,0
Trinidad and Tobago,2011,70.6,18310.82,0,0
Tunisia,2011,74.8,4305.07,0,0
Turkey,2011,74.5,10437.72,0,0
Turkmenistan,2011,65.6,5290.14,0,0
Uganda,2011,59.3,601.354,0,0
Ukraine,2011,70.5,3589.63,0,0
United Arab Emirates,2011,76.3,40817.4,0,1
United Kingdom of Great Britain and Northern Ireland,2011,80.6,40980.52,0,1
United Republic of Tanzania,2011,58.3,765.333,0,0
United States of America,2011,78.7,49725,0,1
Uruguay,2011,77,14238.08,0,0
Uzbekistan,2011,68.5,1560.85,0,0
Vanuatu,2011,71.2,3230.04,0,0
Venezuela (Bolivarian Republic of),2011,73.8,10237.84,0,0
Viet Nam,2011,75.4,1532.31,0,0
Yemen,2011,64.6,1302.3,0,0
Zambia,2011,58.2,1740.64,0,0
Zimbabwe,2011,54.9,865.913,0,0
Albania,2012,76.9,4384.1,0,0
Algeria,2012,75.1,5574.2,0,0
Angola,2012,50.6,5018.43,0,0
Antigua and Barbuda,2012,75.9,13929.37,0,1
Argentina,2012,75.9,14559.04,0,0
Armenia,2012,74.4,3575.53,0,0
Australia,2012,82.3,67853.81,0,1
Austria,2012,80.8,48476.89,0,1
Azerbaijan,2012,71.9,7471.77,0,0
Bahamas,2012,74.9,23375.79,0,1
Bahrain,2012,76.5,25227.12,0,1
Bangladesh,2012,70.7,916.025,0,0
Barbados,2012,75.1,15525.14,0,1
Belarus,2012,71.9,6721.13,0,0
Belgium,2012,80.3,44977.95,0,1
Belize,2012,69.4,4618.26,0,0
Benin,2012,59.3,750.938,0,0
Bhutan,2012,68.7,2485.4,0,0
Bolivia (Plurinational State of),2012,69.8,2508.79,0,0
Bosnia and Herzegovina,2012,76.8,4352.94,0,0
Botswana,2012,63.4,7205.87,0,0
Brazil,2012,74.5,12106,0,0
Brunei Darussalam,2012,78.3,47640.77,0,1
Bulgaria,2012,73.9,7225.09,0,0
Burkina Faso,2012,58.6,678.745,0,0
Burundi,2012,58,286.043,0,0
Cabo Verde,2012,72.7,3463.26,0,0
Cambodia,2012,67.4,945.702,0,0
Cameroon,2012,55.9,1234.37,0,0
Canada,2012,81.6,52818.12,0,1
Central African Republic,2012,50.3,480.053,0,0
Chad,2012,51.8,1152.22,0,0
Chile,2012,79.9,15198.48,0,0
China,2012,75.4,6249.09,0,0
Colombia,2012,74.3,7933.53,0,0
Comoros,2012,62.5,815.057,0,0
Congo,2012,63.7,3342.56,0,0
Costa Rica,2012,79.2,9736.93,0,0
Croatia,2012,77.1,13234.25,0,0
Cyprus,2012,80,28624.57,0,1
Czech Republic,2012,78,19650.91,0,0
Democratic Republic of the Congo,2012,58.3,368.785,0,0
Denmark,2012,80,57750.31,0,1
Djibouti,2012,62.2,1522.95,0,0
Dominican Republic,2012,72.1,6252.48,0,0
Ecuador,2012,75.5,5645.48,0,0
El Salvador,2012,73,3779.94,0,0
Equatorial Guinea,2012,56.7,24461.68,0,0
Eritrea,2012,63.6,504.73,0,0
Estonia,2012,76.3,17890.74,0,0
Ethiopia,2012,63.3,503.989,0,0
Fiji,2012,69.4,4401.11,0,0
Finland,2012,80.4,47553.4,0,1
France,2012,81.5,42333.09,0,1
Gabon,2012,63.5,11152.78,0,0
Gambia,2012,60.2,498.609,0,0
Georgia,2012,74.2,4130.55,0,0
Germany,2012,80.6,43981.75,0,1
Ghana,2012,61.6,1682.58,0,0
Greece,2012,80.4,22445.6,0,1
Grenada,2012,73.1,7583.04,0,0
Guatemala,2012,71.3,3335.91,0,0
Guinea,2012,58.4,491.82,0,0
Guinea-Bissau,2012,57.6,599.643,0,0
Guyana,2012,65.8,3584.59,0,0
Haiti,2012,62.3,775.492,0,0
Honduras,2012,74.1,2332.99,0,0
Hungary,2012,75,12769.32,0,0
Iceland,2012,82.5,44416.86,0,1
India,2012,67.3,1476.93,0,0
Indonesia,2012,68.5,3744.53,0,0
Iran (Islamic Republic of),2012,75.1,7673.22,0,0
Ireland,2012,80.5,48992.92,0,1
Israel,2012,81.8,32832.3,0,1
Italy,2012,82,34959.13,0,1
Jamaica,2012,75.3,5325.02,0,0
Japan,2012,83.3,46683.05,0,1
Jordan,2012,73.7,4849.89,0,0
Kazakhstan,2012,69.1,12033.96,0,0
Kenya,2012,62.1,1238.58,0,0
Kiribati,2012,65.7,1752.83,0,0
Kuwait,2012,74.3,45992.9,0,1
Lao People's Democratic Republic,2012,64.4,1414.46,0,0
Latvia,2012,73.8,13861.12,0,0
Lebanon,2012,75,9966.39,0,0
Lesotho,2012,52.2,1267.42,0,0
Liberia,2012,60.7,438.988,0,0
Libya,2012,72.9,13643.74,0,0
Lithuania,2012,73,14339.43,0,0
Luxembourg,2012,81.1,106689.62,0,1
Madagascar,2012,64.3,444.953,0,0
Malawi,2012,55.3,359.588,0,0
Malaysia,2012,74.5,10652.7,0,0
Maldives,2012,77.6,7657.27,0,0
Mali,2012,57.2,702.97,0,0
Malta,2012,81,22177.32,0,1
Mauritania,2012,62.5,1401.42,0,0
Mauritius,2012,73.9,8932.29,0,0
Mexico,2012,76.3,10137.13,0,0
Micronesia (Federated States of),2012,69,3139.32,0,0
Mongolia,2012,67.8,4328.97,0,0
Montenegro,2012,75.6,6510.73,0,0
Morocco,2012,73.6,3021.52,0,0
Mozambique,2012,54.8,589.892,0,0
Myanmar,2012,65.9,1100.36,0,0
Namibia,2012,65.8,6068.39,0,0
Nepal,2012,68.9,686.149,0,0
Netherlands,2012,81.1,49501.99,0,1
New Zealand,2012,81.1,39132.42,0,1
Nicaragua,2012,73.9,1722.99,0,0
Niger,2012,60.3,435.427,0,0
Nigeria,2012,52.7,2835.29,0,0
Norway,2012,81.3,101169.28,0,1
Oman,2012,76,22922.61,0,0
Pakistan,2012,65.7,1257.95,0,0
Panama,2012,77.2,9488.6,0,0
Papua New Guinea,2012,62.2,2147.54,0,0
Paraguay,2012,73.6,3736.95,0,0
Peru,2012,74.9,6324.59,0,0
Philippines,2012,68.1,2610.56,0,0
Poland,2012,76.8,13048.97,0,0
Portugal,2012,80.3,20588.89,0,1
Qatar,2012,77.8,103605.55,0,1
Republic of Korea,2012,81.2,24453.97,0,1
Republic of Moldova,2012,70.9,2046.16,0,0
Romania,2012,74.4,8560.94,0,0
Russian Federation,2012,69.6,14069.16,0,0
Rwanda,2012,64.6,687.893,0,0
Saint Lucia,2012,74.7,7814.57,0,0
Saint Vincent and the Grenadines,2012,72.8,6318.54,0,0
Samoa,2012,73.2,4264.98,0,0
Saudi Arabia,2012,74.1,25139,0,0
Senegal,2012,65.6,1037.44,0,0
Serbia,2012,74.9,5658.16,0,0
Seychelles,2012,72.7,12351.58,0,0
Sierra Leone,2012,49.7,633.801,0,0
Singapore,2012,82.5,54577.8,0,1
Slovenia,2012,80.2,22508.24,0,1
Solomon Islands,2012,68.7,1865.3,0,0
South Africa,2012,59.2,7592.2,0,0
Spain,2012,82,29005.51,0,1
Sri Lanka,2012,74.5,2874.35,0,0
Sudan,2012,63.2,1787.09,0,0
Suriname,2012,71.3,9194.15,0,0
Swaziland,2012,56.5,4550.69,0,0
Sweden,2012,81.7,56915.73,0,1
Switzerland,2012,82.7,83623.54,0,1
Tajikistan,2012,68.8,953.315,0,0
Thailand,2012,74.3,5849,0,0
The former Yugoslav republic of Macedonia,2012,75.1,4728.27,0,0
Timor-Leste,2012,67.4,5889.22,0,0
Togo,2012,58.9,589.791,0,0
Tonga,2012,73,4456.2,0,0
Trinidad and Tobago,2012,70.8,18379.03,0,0
Tunisia,2012,74.9,4197.96,0,0
Turkey,2012,74.8,10490.12,0,0
Turkmenistan,2012,65.6,6263.21,0,0
Uganda,2012,60,678.237,0,0
Ukraine,2012,70.7,3883.39,0,0
United Arab Emirates,2012,76.5,42591.17,0,1
United Kingdom of Great Britain and Northern Ireland,2012,80.6,41187.11,0,1
United Republic of Tanzania,2012,58.6,869.991,0,0
United States of America,2012,78.8,51384,0,1
Uruguay,2012,76.5,15200.27,0,0
Uzbekistan,2012,68.8,1720.76,0,0
Vanuatu,2012,71.4,3115.77,0,0
Venezuela (Bolivarian Republic of),2012,73.7,10108.76,0,0
Viet Nam,2012,75.6,1752.62,0,0
Yemen,2012,64.7,1367.72,0,0
Zambia,2012,59.2,1771.9,0,0
Zimbabwe,2012,56.6,961.354,0,0
Albania,2013,77.2,4633.23,0,0
Algeria,2013,75.3,5533.06,0,0
Angola,2013,51.1,5245.36,0,0
Antigua and Barbuda,2013,76.1,13555.73,0,1
Argentina,2013,76,14739.6,0,0
Armenia,2013,74.4,3732.04,0,0
Australia,2013,82.5,64271.09,0,1
Austria,2013,81.1,50738.02,0,1
Azerbaijan,2013,72.2,7934.4,0,0
Bahamas,2013,74.8,23671.47,0,1
Bahrain,2013,76.7,26454.5,0,1
Bangladesh,2013,71,1030.03,0,0
Barbados,2013,75.2,15374.2,0,1
Belarus,2013,71.7,7723.76,0,0
Belgium,2013,80.7,47030.98,0,1
Belize,2013,69.8,4644.45,0,0
Benin,2013,59.5,805.125,0,0
Bhutan,2013,69.1,2564.59,0,0
Bolivia (Plurinational State of),2013,70.1,2786.96,0,0
Bosnia and Herzegovina,2013,77,4601.24,0,0
Botswana,2013,64.2,7260.95,0,0
Brazil,2013,74.7,11893.71,0,0
Brunei Darussalam,2013,77.1,44540.15,0,1
Bulgaria,2013,74.1,7531.72,0,0
Burkina Faso,2013,59,720.391,0,0
Burundi,2013,58.6,303.004,0,0
Cabo Verde,2013,72.8,3588.99,0,0
Cambodia,2013,67.8,1018.22,0,0
Cameroon,2013,56.4,1344.72,0,0
Canada,2013,81.8,52392.73,0,1
Central African Republic,2013,49.9,333.604,0,0
Chad,2013,52.2,1176.48,0,0
Chile,2013,80.1,15691.13,0,0
China,2013,75.6,6974.87,0,0
Colombia,2013,74.4,8065.22,0,0
Comoros,2013,62.9,872.764,0,0
Congo,2013,63.9,3222.77,0,0
Costa Rica,2013,79.4,10446.63,0,0
Croatia,2013,77.7,13569.16,0,0
Cyprus,2013,80.1,27300.46,0,1
Czech Republic,2013,78.2,19810.38,0,0
Democratic Republic of the Congo,2013,58.8,424.418,0,0
Denmark,2013,80.1,59950,0,1
Djibouti,2013,62.7,1592.86,0,0
Dominican Republic,2013,73.4,6264.14,0,0
Ecuador,2013,76,5988.86,0,0
El Salvador,2013,73,3849.73,0,0
Equatorial Guinea,2013,57.4,22635.76,0,0
Eritrea,2013,64,544.259,0,0
Estonia,2013,76.9,19630.85,0,0
Ethiopia,2013,63.7,546.627,0,0
Fiji,2013,69.6,4578.45,0,0
Finland,2013,80.7,49620.5,0,1
France,2013,82,44163.99,0,1
Gabon,2013,64.6,11258.11,0,0
Gambia,2013,60.6,479.248,0,0
Georgia,2013,74.5,4266.59,0,0
Germany,2013,80.6,46386.11,0,1
Ghana,2013,61.9,1870.16,0,0
Greece,2013,80.6,21903.39,0,1
Grenada,2013,73.3,7955.29,0,0
Guatemala,2013,71.4,3478.2,0,0
Guinea,2013,58.8,524.511,0,0
Guinea-Bissau,2013,58.1,604.451,0,0
Guyana,2013,65.9,3729.7,0,0
Haiti,2013,62.7,819.108,0,0
Honduras,2013,74.3,2284.31,0,0
Hungary,2013,75.5,13464.92,0,0
Iceland,2013,82.4,47774.62,0,1
India,2013,67.6,1488.99,0,0
Indonesia,2013,68.7,3667.35,0,0
Iran (Islamic Republic of),2013,75.3,4941,0,0
Ireland,2013,81,51873.46,0,1
Israel,2013,82.1,36297.19,0,1
Italy,2013,82.3,35814.81,0,1
Jamaica,2013,75.6,5096.83,0,0
Japan,2013,83.5,38633.16,0,1
Jordan,2013,73.9,5151.76,0,0
Kazakhstan,2013,69.5,13508.67,0,0
Kenya,2013,62.6,1314.14,0,0
Kiribati,2013,65.8,1655.78,0,0
Kuwait,2013,74.5,45202.08,0,1
Lao People's Democratic Republic,2013,64.9,1593.59,0,0
Latvia,2013,74.1,15126.48,0,0
Lebanon,2013,74.9,10654.63,0,0
Lesotho,2013,52.1,1194.73,0,0
Liberia,2013,61.1,480.802,0,0
Libya,2013,72.9,10765.88,0,0
Lithuania,2013,73,15693.9,0,0
Luxembourg,2013,81.4,114551.09,0,1
Madagascar,2013,64.7,462.451,0,0
Malawi,2013,56.7,317.471,0,0
Malaysia,2013,74.6,10796.94,0,0
Maldives,2013,77.9,8023.12,0,0
Mali,2013,57.3,726.399,0,0
Malta,2013,81.1,23666.36,0,1
Mauritania,2013,62.7,1459.51,0,0
Mauritius,2013,74.1,9476.52,0,0
Mexico,2013,76.6,10657.85,0,0
Micronesia (Federated States of),2013,69.2,3034.15,0,0
Mongolia,2013,68.1,4365.39,0,0
Montenegro,2013,75.8,7093.37,0,0
Morocco,2013,73.9,3264.09,0,0
Mozambique,2013,55.3,604.717,0,0
Myanmar,2013,66.2,1112.19,0,0
Namibia,2013,66.1,5955.25,0,0
Nepal,2013,69.3,693.428,0,0
Netherlands,2013,81.4,51442.48,0,1
New Zealand,2013,81.3,41280.08,0,1
Nicaragua,2013,73.9,1768.87,0,0
Niger,2013,60.9,451.614,0,0
Nigeria,2013,53.2,3082.49,0,0
Norway,2013,81.5,102495.75,0,1
Oman,2013,76.2,21423.86,0,0
Pakistan,2013,66,1268.93,0,0
Panama,2013,77.5,10488.61,0,0
Papua New Guinea,2013,62.4,2098.13,0,0
Paraguay,2013,73.8,4175.51,0,0
Peru,2013,75.3,6523.65,0,0
Philippines,2013,68.1,2789.45,0,0
Poland,2013,77.1,13825.65,0,0
Portugal,2013,80.6,21514.43,0,1
Qatar,2013,77.9,98709.95,0,1
Republic of Korea,2013,81.7,25997.88,0,1
Republic of Moldova,2013,71.7,2243.28,0,0
Romania,2013,74.6,9570.27,0,0
Russian Federation,2013,70,14467.79,0,0
Rwanda,2013,65.2,696.495,0,0
Saint Lucia,2013,74.8,7903.37,0,0
Saint Vincent and the Grenadines,2013,72.7,6564.59,0,0
Samoa,2013,73.6,4171.48,0,0
Saudi Arabia,2013,74.3,24815.93,0,0
Senegal,2013,66,1058.86,0,0
Serbia,2013,75.3,6353.83,0,0
Seychelles,2013,72.9,15186.99,0,0
Sierra Leone,2013,50.4,804.956,0,0
Singapore,2013,82.7,55979.76,0,1
Slovenia,2013,80.5,23164.11,0,1
Solomon Islands,2013,68.8,1885.65,0,0
South Africa,2013,60.9,6889.7,0,0
Spain,2013,82.4,29907.26,0,1
Sri Lanka,2013,74.6,3239.41,0,0
Sudan,2013,63.5,1841.57,0,0
Suriname,2013,71.2,9374.62,0,0
Swaziland,2013,57.6,4178,0,0
Sweden,2013,81.9,60086.49,0,1
Switzerland,2013,83,85230.55,0,1
Tajikistan,2013,69.3,1046.07,0,0
Thailand,2013,74.5,6152.06,0,0
The former Yugoslav republic of Macedonia,2013,75.3,5215.39,0,0
Timor-Leste,2013,67.7,4691.38,0,0
Togo,2013,59.4,638.25,0,0
Tonga,2013,73.2,4334.45,0,0
Trinidad and Tobago,2013,71,20278.82,0,0
Tunisia,2013,74.9,4316.8,0,0
Turkey,2013,75.2,10821.44,0,0
Turkmenistan,2013,65.4,7189.93,0,0
Uganda,2013,60.7,680.144,0,0
Ukraine,2013,71,4435.08,0,0
United Arab Emirates,2013,76.7,42874.6,0,1
United Kingdom of Great Britain and Northern Ireland,2013,80.7,41792.86,0,1
United Republic of Tanzania,2013,59.7,969.148,0,0
United States of America,2013,78.9,52607.92,0,1
Uruguay,2013,76.8,16956.9,0,0
Uzbekistan,2013,69.1,1890.47,0,0
Vanuatu,2013,71.6,3123.98,0,0
Venezuela (Bolivarian Republic of),2013,73.8,7284.71,0,0
Viet Nam,2013,75.7,1901.7,0,0
Yemen,2013,65.4,1515.95,0,0
Zambia,2013,60.3,1845.42,0,0
Zimbabwe,2013,58,1028.49,0,0
Albania,2014,77.5,4786.56,0,0
Algeria,2014,75.4,5405.53,0,0
Angola,2014,51.7,5303.87,0,0
Antigua and Barbuda,2014,76.2,14126.16,0,1
Argentina,2014,76.2,12735.2,0,0
Armenia,2014,74.6,3900.7,0,0
Australia,2014,82.7,61066.15,0,1
Austria,2014,81.4,51433,0,1
Azerbaijan,2014,72.5,7936.47,0,0
Bahamas,2014,75.4,23628.68,0,1
Bahrain,2014,76.8,26701.32,0,1
Bangladesh,2014,71.4,1161.85,0,0
Barbados,2014,75.4,15602.77,0,1
Belarus,2014,72,8041.75,0,0
Belgium,2014,80.9,47682.13,0,1
Belize,2014,70,4760.28,0,0
Benin,2014,59.7,820.005,0,0
Bhutan,2014,69.4,2587.75,0,0
Bolivia (Plurinational State of),2014,70.4,2943.46,0,0
Bosnia and Herzegovina,2014,77.2,4692.68,0,0
Botswana,2014,65.1,7233.06,0,0
Brazil,2014,74.8,11572.7,0,0
Brunei Darussalam,2014,77.6,41460.17,0,1
Bulgaria,2014,74.3,7751.07,0,0
Burkina Faso,2014,59.3,717.394,0,0
Burundi,2014,59.1,336.256,0,0
Cabo Verde,2014,73,3583.56,0,0
Cambodia,2014,68.3,1080.82,0,0
Cameroon,2014,56.7,1409.55,0,0
Canada,2014,82,50304.03,0,1
Central African Republic,2014,50.8,367.055,0,0
Chad,2014,52.6,1235.82,0,0
Chile,2014,80.3,14479.83,0,0
China,2014,75.8,7571.54,0,0
Colombia,2014,74.6,7928.06,0,0
Comoros,2014,63.2,898.657,0,0
Congo,2014,64.2,3170.6,0,0
Costa Rica,2014,79.5,10378.22,0,0
Croatia,2014,77.8,13473.33,0,0
Cyprus,2014,80.3,26109.13,0,1
Czech Republic,2014,78.6,19526.4,0,0
Democratic Republic of the Congo,2014,59.3,452.933,0,0
Denmark,2014,80.4,60947.38,0,1
Djibouti,2014,63,1691.72,0,0
Dominican Republic,2014,73.6,6481.31,0,0
Ecuador,2014,76,6273.18,0,0
El Salvador,2014,73.3,3961.79,0,0
Equatorial Guinea,2014,57.9,19959.53,0,0
Eritrea,2014,64.4,590.175,0,0
Estonia,2014,77.3,20090.02,0,0
Ethiopia,2014,64.2,620.386,0,0
Fiji,2014,69.7,4843.93,0,0
Finland,2014,80.9,50015.7,0,1
France,2014,82.2,44331.6,0,1
Gabon,2014,65.5,11483.71,0,0
Gambia,2014,60.8,427.447,0,0
Georgia,2014,74.5,4433.8,0,0
Germany,2014,80.9,47773.58,0,1
Ghana,2014,62.1,1473,0,0
Greece,2014,80.8,21648.2,0,1
Grenada,2014,73.5,8578.1,0,0
Guatemala,2014,71.7,3700.68,0,0
Guinea,2014,58.1,557.084,0,0
Guinea-Bissau,2014,58.4,639.197,0,0
Guyana,2014,66,3825.83,0,0
Haiti,2014,63.1,832.633,0,0
Honduras,2014,74.5,2360.98,0,0
Hungary,2014,75.6,13869.54,0,0
Iceland,2014,82.5,52315.1,0,1
India,2014,68,1607.65,0,0
Indonesia,2014,68.9,3524.08,0,0
Iran (Islamic Republic of),2014,75.4,5353.35,0,0
Ireland,2014,81.2,54411.14,0,1
Israel,2014,82.2,37222.38,0,1
Italy,2014,82.5,35334.82,0,1
Jamaica,2014,75.8,4898.01,0,0
Japan,2014,83.5,36221.81,0,1
Jordan,2014,74,5374.68,0,0
Kazakhstan,2014,69.9,12400.28,0,0
Kenya,2014,62.9,1419.53,0,0
Kiribati,2014,66.1,1618.74,0,0
Kuwait,2014,74.6,43167.92,0,1
Lao People's Democratic Republic,2014,65.3,1693.28,0,0
Latvia,2014,74.4,15729.69,0,0
Lebanon,2014,74.8,11091.94,0,0
Lesotho,2014,52.1,1161.66,0,0
Liberia,2014,58.1,480.866,0,0
Libya,2014,72.4,6670.84,0,0
Lithuania,2014,73.4,16467.13,0,0
Luxembourg,2014,81.7,119487.93,0,1
Madagascar,2014,65.1,452.805,0,0
Malawi,2014,57.6,343.979,0,0
Malaysia,2014,74.8,11049.28,0,0
Maldives,2014,78.2,8432.91,0,0
Mali,2014,57.8,765.884,0,0
Malta,2014,81.4,24716.31,0,1
Mauritania,2014,63,1402.97,0,0
Mauritius,2014,74.2,9999.33,0,0
Mexico,2014,76.6,10784.46,0,0
Micronesia (Federated States of),2014,69.4,2974.88,0,0
Mongolia,2014,68.4,4114.54,0,0
Montenegro,2014,75.9,7291.57,0,0
Morocco,2014,74.1,3315.61,0,0
Mozambique,2014,56.7,629.804,0,0
Myanmar,2014,66.4,1227.85,0,0
Namibia,2014,65.9,6188.12,0,0
Nepal,2014,69.6,703.025,0,0
Netherlands,2014,81.7,52224.64,0,1
New Zealand,2014,81.5,43363.23,0,1
Nicaragua,2014,74.5,1904.7,0,0
Niger,2014,61.4,468.785,0,0
Nigeria,2014,53.6,3300.03,0,0
Norway,2014,81.6,96930.49,0,1
Oman,2014,76.4,20927,0,0
Pakistan,2014,66.2,1325.79,0,0
Panama,2014,77.6,11145.53,0,0
Papua New Guinea,2014,62.7,2232.31,0,0
Paraguay,2014,73.9,4379.27,0,0
Peru,2014,75.3,6448.53,0,0
Philippines,2014,68.4,2862.38,0,0
Poland,2014,77.3,14411.5,0,0
Portugal,2014,80.9,22122.98,0,1
Qatar,2014,78.1,93990.41,0,1
Republic of Korea,2014,82,27970.49,0,1
Republic of Moldova,2014,71.8,2238.12,0,0
Romania,2014,74.8,9980.94,0,0
Russian Federation,2014,70.3,12717.69,0,0
Rwanda,2014,65.7,711.68,0,0
Saint Lucia,2014,75,8266.16,0,0
Saint Vincent and the Grenadines,2014,73.1,6636.96,0,0
Samoa,2014,73.8,4307.81,0,0
Saudi Arabia,2014,74.4,24252.17,0,0
Senegal,2014,66.4,1078.64,0,0
Serbia,2014,75.4,6123.06,0,0
Seychelles,2014,73,15140.75,0,0
Sierra Leone,2014,48.1,772.636,0,0
Singapore,2014,82.9,56286.55,0,1
Slovenia,2014,80.7,24050.46,0,1
Solomon Islands,2014,68.8,2009.65,0,0
South Africa,2014,62,6482.75,0,0
Spain,2014,82.6,30271.52,0,1
Sri Lanka,2014,74.7,3573.89,0,0
Sudan,2014,63.8,2005.01,0,0
Suriname,2014,71.4,9426.8,0,0
Swaziland,2014,58.4,3994.22,0,0
Sweden,2014,82.3,58538.06,0,1
Switzerland,2014,83.2,86468.36,0,1
Tajikistan,2014,69.6,1113.24,0,0
Thailand,2014,74.6,5896.36,0,0
The former Yugoslav republic of Macedonia,2014,75.5,5481,0,0
Timor-Leste,2014,68,4037.46,0,0
Togo,2014,59.7,656.553,0,0
Tonga,2014,73.3,4279.71,0,0
Trinidad and Tobago,2014,71.1,21374.85,0,0
Tunisia,2014,75.1,4422.07,0,0
Turkey,2014,75.5,10381.03,0,0
Turkmenistan,2014,66,8270.54,0,0
Uganda,2014,61.5,713.066,0,0
Ukraine,2014,70.8,3050.56,0,0
United Arab Emirates,2014,76.9,42943.78,0,1
United Kingdom of Great Britain and Northern Ireland,2014,81,45729.27,0,1
United Republic of Tanzania,2014,60.7,1028.77,0,0
United States of America,2014,79.1,54369.83,0,1
Uruguay,2014,76.8,16882.46,0,0
Uzbekistan,2014,69.2,2045.91,0,0
Vanuatu,2014,71.7,3131.75,0,0
Venezuela (Bolivarian Republic of),2014,73.9,6771.92,0,0
Viet Nam,2014,75.9,2051.17,0,0
Yemen,2014,65.4,1574.25,0,0
Zambia,2014,61.1,1771.6,0,0
Zimbabwe,2014,59.2,1043.15,0,0
Albania,2015,77.8,4200.03,0,0
Algeria,2015,75.6,4345.43,0,0
Angola,2015,52.4,4061.78,0,0
Antigua and Barbuda,2015,76.4,14390.64,0,1
Argentina,2015,76.3,13428.32,0,0
Armenia,2015,74.8,3546.95,0,0
Australia,2015,82.8,51641.63,0,1
Austria,2015,81.5,43546.6,0,1
Azerbaijan,2015,72.7,6794.43,0,0
Bahamas,2015,76.1,24394.47,0,1
Bahrain,2015,76.9,23898.98,0,1
Bangladesh,2015,71.8,1265.71,0,0
Barbados,2015,75.5,15912.1,0,1
Belarus,2015,72.3,6583.39,0,0
Belgium,2015,81.1,40456.32,0,1
Belize,2015,70.1,4841.74,0,0
Benin,2015,60,708.987,1,0
Bhutan,2015,69.8,2836.8,0,0
Bolivia (Plurinational State of),2015,70.7,2914.69,0,0
Bosnia and Herzegovina,2015,77.4,4029.85,0,0
Botswana,2015,65.7,6149.67,0,0
Brazil,2015,75,8802.17,0,0
Brunei Darussalam,2015,77.7,27759.05,0,1
Bulgaria,2015,74.5,6581.91,0,0
Burkina Faso,2015,59.9,631.372,1,0
Burundi,2015,59.6,315.197,1,0
Cabo Verde,2015,73.3,3127.28,0,0
Cambodia,2015,68.7,1139.69,0,0
Cameroon,2015,57.3,1234.39,0,0
Canada,2015,82.2,43934.81,0,1
Central African Republic,2015,52.5,338.728,1,0
Chad,2015,53.1,1010.55,1,0
Chile,2015,80.5,13330.87,0,0
China,2015,76.1,8280.09,0,0
Colombia,2015,74.8,5687.48,0,0
Comoros,2015,63.5,736.845,1,0
Congo,2015,64.7,2030.69,0,0
Costa Rica,2015,79.6,10671.55,0,0
Croatia,2015,78,11551.37,0,0
Cyprus,2015,80.5,21531.02,0,1
Czech Republic,2015,78.8,17330.08,0,0
Democratic Republic of the Congo,2015,59.8,478.191,1,0
Denmark,2015,80.6,51423.61,0,1
Djibouti,2015,63.5,1805.18,0,0
Dominican Republic,2015,73.9,6663.87,0,0
Ecuador,2015,76.2,6076.93,0,0
El Salvador,2015,73.5,4022.55,0,0
Equatorial Guinea,2015,58.2,12540.99,0,0
Eritrea,2015,64.7,630.251,1,0
Estonia,2015,77.6,17425.3,0,0
Ethiopia,2015,64.8,702.119,1,0
Fiji,2015,69.9,5086.2,0,0
Finland,2015,81.1,42159.31,0,1
France,2015,82.4,37728.41,0,1
Gabon,2015,66,8580.73,0,0
Gambia,2015,61.1,384.243,1,0
Georgia,2015,74.4,3719.98,0,0
Germany,2015,81,41267.31,0,1
Ghana,2015,62.4,1401.44,0,0
Greece,2015,81,17656.92,0,1
Grenada,2015,73.6,8970.92,0,0
Guatemala,2015,71.9,3886.48,0,0
Guinea,2015,59,545.644,1,0
Guinea-Bissau,2015,58.9,582.243,1,0
Guyana,2015,66.2,3993.18,0,0
Haiti,2015,63.5,829.643,1,0
Honduras,2015,74.6,2364.58,0,0
Hungary,2015,75.8,12020.63,0,0
Iceland,2015,82.7,51068.2,0,1
India,2015,68.3,1688.38,0,0
Indonesia,2015,69.1,3415.83,0,0
Iran (Islamic Republic of),2015,75.5,5047.84,0,0
Ireland,2015,81.4,48939.68,0,1
Israel,2015,82.5,35702.07,0,1
Italy,2015,82.7,29847.38,0,1
Jamaica,2015,76.2,4912.29,0,0
Japan,2015,83.7,32480.66,0,1
Jordan,2015,74.1,5599.56,0,0
Kazakhstan,2015,70.2,11028.07,0,0
Kenya,2015,63.4,1432.09,0,0
Kiribati,2015,66.3,1443.35,0,0
Kuwait,2015,74.7,29982.63,0,1
Lao People's Democratic Republic,2015,65.7,1785.09,0,0
Latvia,2015,74.6,13729.09,0,0
Lebanon,2015,74.9,11945.35,0,0
Lesotho,2015,53.7,1062.58,0,0
Liberia,2015,61.4,469.086,1,0
Libya,2015,72.7,4753.6,0,0
Lithuania,2015,73.6,14318.08,0,0
Luxembourg,2015,82,103186.99,0,1
Madagascar,2015,65.5,392.554,1,0
Malawi,2015,58.3,352.731,1,0
Malaysia,2015,75,10073.17,0,0
Maldives,2015,78.5,8713.74,0,0
Mali,2015,58.2,672.226,1,0
Malta,2015,81.7,21539.91,0,1
Mauritania,2015,63.1,1262.13,0,0
Mauritius,2015,74.6,9186.51,0,0
Mexico,2015,76.7,9592.12,0,0
Micronesia (Federated States of),2015,69.4,2970.36,0,0
Mongolia,2015,68.8,4179.09,0,0
Montenegro,2015,76.1,6372.6,0,0
Morocco,2015,74.3,3076.6,0,0
Mozambique,2015,57.6,626.233,1,0
Myanmar,2015,66.6,1268.68,0,0
Namibia,2015,65.8,5787.15,0,0
Nepal,2015,69.2,751.12,1,0
Netherlands,2015,81.9,44333.15,0,1
New Zealand,2015,81.6,36963.5,0,1
Nicaragua,2015,74.8,1965.01,0,0
Niger,2015,61.8,403.441,1,0
Nigeria,2015,54.5,2758.41,0,0
Norway,2015,81.8,76266.46,0,1
Oman,2015,76.6,15672.37,0,0
Pakistan,2015,66.4,1427.09,0,0
Panama,2015,77.8,11849.66,0,0
Papua New Guinea,2015,62.9,2331.58,0,0
Paraguay,2015,74,4141.82,0,0
Peru,2015,75.5,5637.84,0,0
Philippines,2015,68.5,2951.15,0,0
Poland,2015,77.5,12662.21,0,0
Portugal,2015,81.1,18983.78,0,1
Qatar,2015,78.2,78829.24,0,1
Republic of Korea,2015,82.3,27512.89,0,1
Republic of Moldova,2015,72.1,1740.28,0,0
Romania,2015,75,8807.33,0,0
Russian Federation,2015,70.5,8447.42,0,0
Rwanda,2015,66.1,742.852,1,0
Saint Lucia,2015,75.2,8409.87,0,0
Saint Vincent and the Grenadines,2015,73.2,6959.24,0,0
Samoa,2015,74,4481.25,0,0
Saudi Arabia,2015,74.5,20138.83,0,0
Senegal,2015,66.7,934.643,1,0
Serbia,2015,75.6,5102.45,0,0
Seychelles,2015,73.2,14466.16,0,0
Sierra Leone,2015,50.1,675.18,1,0
Singapore,2015,83.1,53224.27,0,1
Slovenia,2015,80.8,20712.01,0,1
Solomon Islands,2015,69.2,2050.46,0,0
South Africa,2015,62.9,5783.5,0,0
Spain,2015,82.8,26326.87,0,1
Sri Lanka,2015,74.9,3767.58,0,0
Sudan,2015,64.1,2194.1,0,0
Suriname,2015,71.6,9051.56,0,0
Swaziland,2015,58.9,3847.66,0,0
Sweden,2015,82.4,48965.95,0,1
Switzerland,2015,83.4,82177.6,0,1
Tajikistan,2015,69.7,949.052,1,0
Thailand,2015,74.9,5426.3,0,0
The former Yugoslav republic of Macedonia,2015,75.7,4867.22,0,0
Timor-Leste,2015,68.3,3330.27,0,0
Togo,2015,59.9,578.11,1,0
Tonga,2015,73.5,4311.03,0,0
Trinidad and Tobago,2015,71.2,20380.24,0,0
Tunisia,2015,75.3,3984.82,0,0
Turkey,2015,75.8,9290.43,0,0
Turkmenistan,2015,66.3,7534.02,0,0
Uganda,2015,62.3,625.299,1,0
Ukraine,2015,71.3,2108.91,0,0
United Arab Emirates,2015,77.1,35392.17,0,1
United Kingdom of Great Britain and Northern Ireland,2015,81.2,44117.8,0,1
United Republic of Tanzania,2015,61.8,968.815,1,0
United States of America,2015,79.3,55904.3,0,1
Uruguay,2015,77,16091.91,0,0
Uzbekistan,2015,69.4,2129.5,0,0
Vanuatu,2015,72,2872.07,0,0
Venezuela (Bolivarian Republic of),2015,74.1,4262.54,0,0
Viet Nam,2015,76,2170.88,0,0
Yemen,2015,65.7,1234.95,0,0
Zambia,2015,61.8,1576.45,0,0
Zimbabwe,2015,60.7,1037.16,0,0
